clip_id,length,label
2090215671,63,0
1867211864,69,0
1937902825,149,2
2045817302,20,2
1762927965,189,4
1868954795,85,3
1920544081,136,1
2046110398,208,4
1742407073,96,0
2090599438,39,2
1988858444,52,2
1788469914,116,2
1733519420,92,1
2100198746,185,2
1793046921,65,2
1832460351,87,4
1838651777,120,1
1770843500,163,0
2103780036,199,1
1809993089,147,4
1840065577,119,4
1866522515,190,1
2098590558,127,4
1759873218,170,1
1977435569,142,2
1775799679,76,1
1895908558,22,4
2083214808,136,4
1856754795,61,2
1819115146,102,1
2090216199,61,3
1791274031,110,0
2097100412,151,4
1720901659,47,2
1742281250,146,1
2044106845,107,4
1793045435,95,2
1987020918,57,2
2098589912,155,1
1877223465,146,2
1833400441,182,1
1811580762,71,4
1809600507,184,1
2099810440,55,2
1877225146,88,3
1762936485,166,1
1879427608,71,0
1770816496,131,1
1813546103,244,2
1878347346,44,0
1922677122,187,4
1943672514,128,0
2102877224,92,0
1794258652,171,1
1734136082,217,2
1736890239,78,2
1794258658,183,1
1868463253,37,2
2098590150,90,2
2044106161,105,1
1729533680,94,3
1790032130,52,4
2099945476,76,1
1773720581,106,1
1976590293,70,0
1867116327,178,2
1830582835,124,2
1835172525,39,2
1770671823,61,2
1878230744,175,1
1877372745,134,2
1817219787,118,1
1821613420,32,2
1822447154,80,2
1772169433,65,1
1826540248,97,0
1723553979,172,2
2010145645,121,2
1961651559,138,1
2091575091,117,2
1987020953,48,0
2097701543,224,4
1764770471,29,4
1868917788,100,1
1794259435,94,4
1832339818,106,1
2090598152,92,2
2087627488,100,4
2097331111,82,2
1773722440,33,2
1821614172,131,0
1773720632,32,0
1973244478,177,2
1789814230,75,1
2046109868,44,1
1837225606,58,0
1970289900,69,1
2095594287,151,1
2098589475,85,4
1766249561,137,1
1832489920,98,4
1937281944,114,1
1781703835,132,1
1773519076,143,2
2089510084,135,4
1770728736,166,4
1850338849,88,1
1869056343,39,1
1788470293,210,2
1770382452,159,3
2087628449,91,1
1759886848,98,1
1865227410,69,0
1857294095,265,4
1960316170,99,1
1869673189,206,1
1741178405,211,4
2090597775,317,4
1830581052,79,0
1884578394,118,1
1818891608,128,1
2003836129,33,0
1758798865,168,1
1863756026,105,3
1866522655,52,0
1869056884,170,2
1973244098,52,1
2103985160,233,4
1898278715,110,2
1870857898,61,1
1884578071,110,4
1987021963,149,1
1832339013,29,2
1734135183,155,0
1866315884,66,2
1873069595,300,4
1790030360,78,1
1871189859,102,1
2105262288,188,1
1871880692,46,0
1877011961,64,3
1785889618,125,3
1768201203,160,2
1742280499,131,1
2098736262,56,2
2070099501,53,4
1853472387,77,2
1972298023,62,2
1977434684,61,3
1878231144,47,4
1973244935,126,1
1842385939,98,2
1810758233,52,2
1961650727,125,2
1736979815,134,1
1834873697,60,4
1791618725,160,4
1742587991,147,3
1829898421,199,1
1733150904,178,1
1725460402,153,4
1878347992,54,4
1724483431,178,1
1884578119,43,2
1743612885,53,4
1758802187,144,0
2090598777,155,4
1842386634,150,3
1835514256,113,2
1793047080,77,3
1839724025,69,1
2105261564,124,1
2097099312,100,3
1742406635,117,1
1829897318,44,4
1961650723,38,3
1740058246,148,4
1770815620,169,4
1789812910,75,0
1911882805,87,1
1852521226,134,2
2005597051,192,4
1789945973,84,1
1817220250,78,0
1725706030,44,2
1878348802,56,0
1832460851,106,1
1864021721,67,4
2088097406,35,1
1832834034,183,1
1788470737,78,2
1778257094,111,1
1723219129,83,3
1731018799,60,3
1822447708,197,4
1733151174,200,4
1872861614,77,1
1734633834,212,4
1741178106,169,1
1871979771,35,2
2095595193,64,1
1869673960,175,1
1980405532,131,1
1835513877,83,3
2097701088,167,1
1941317567,27,2
1829898291,111,1
2046110698,106,0
2046109657,139,1
1771813517,183,2
1866315661,68,0
1870857238,63,0
1791182946,276,1
1935500609,67,2
1758800849,154,2
2041803819,107,3
1809993729,73,4
1860160625,87,4
1838653284,39,4
1864021811,89,1
1988858970,70,0
1777959301,112,1
1912513122,85,1
1766249092,252,4
1842386496,108,1
1868918124,191,1
2044105258,84,0
1758801669,93,0
2088961975,48,4
1868463479,212,1
1861060915,54,1
1895909146,91,2
2103780213,84,2
1720968690,84,2
1758801947,126,1
2093874320,227,1
1758799932,93,3
1860159965,371,4
1918100775,58,1
1886313841,153,3
2044595757,127,4
2135529054,97,3
1833400360,133,1
1724484331,161,1
1877317444,115,1
2010515417,170,1
2103984784,49,0
2103781211,196,1
1884562984,60,1
1872861068,51,0
1744273129,111,3
2080790774,96,0
1724483563,60,4
1771814614,17,2
1770383653,103,3
1884578467,69,1
2091339950,33,2
1764169419,170,1
1733151643,52,2
1876945069,83,1
1744061253,117,1
1742279538,136,1
1724481771,141,1
1744273450,80,4
2105075639,107,1
2010515466,63,0
2105701193,67,0
2045814766,102,1
1988858184,124,2
1770844044,226,1
2091573580,115,0
1809601281,62,2
1818891300,215,4
1833400313,154,3
1937458860,326,4
1835171717,125,4
1976590792,58,0
1780913360,125,1
1770383837,40,2
1770729706,113,4
1885895593,123,0
1729533434,219,4
1862571084,89,0
1941316191,88,2
1878348118,81,2
1877224839,69,2
1744272478,53,0
2041803396,57,2
1734136419,152,2
1731017716,86,2
1794258485,77,4
1791182765,123,1
1759873944,66,4
1733177253,39,2
1835172124,111,1
1988858429,62,2
1943673402,111,4
1842386396,124,1
1848627442,26,2
1862572279,174,2
1819114194,62,4
1733520070,154,1
1928246042,64,1
2088098365,138,1
1977434752,159,1
1956179205,168,1
2046110382,57,1
1725460675,68,3
2099059041,89,2
1862571252,137,3
1832339114,120,4
1819114156,105,1
1848676943,77,1
1937458248,55,2
1862572113,146,4
1737695238,111,0
1789812677,125,4
1770708318,99,2
1790031309,139,2
1770728578,328,4
1772937182,47,1
2083213284,286,1
2135529387,202,4
1870857629,83,0
1736979831,25,2
1773721459,138,2
1759873374,113,2
2019367244,76,2
1791181748,69,2
1973244831,249,1
1817219628,144,4
1868463177,187,1
2099525549,89,3
1877223207,100,4
1943671911,192,4
2083214239,150,2
1724479077,234,2
1832339419,67,0
1818891542,107,4
1877373053,91,0
2103780104,162,1
1954002847,142,1
1871239401,72,2
1810297458,53,2
1870858589,72,3
2083214367,154,2
1881961728,153,1
1943671288,138,2
1869056965,118,3
1781704297,177,4
1770817144,58,2
1775800913,171,3
1867212337,46,4
1767071231,97,3
1809601307,144,2
1770672980,64,0
1736980013,176,1
1733178253,196,4
1790030555,78,3
1794259168,171,2
1911883369,60,4
1871979617,215,1
1778780491,40,0
1874330619,51,4
2093874239,100,4
1736980801,55,2
1821612575,141,4
1758799597,126,3
2087627415,106,4
1848678106,78,1
1777958788,61,1
1884562652,110,4
1839723387,243,1
1780914429,47,0
2102877299,87,4
1884562755,77,2
1724478465,84,4
1988859558,163,1
2100200407,211,1
1973243949,68,4
1758801494,210,1
1772936379,58,4
2044594525,179,1
1831818840,77,1
2100003324,206,1
1758799946,126,1
1795643562,143,1
1741176948,27,4
2097330782,278,1
1778567554,82,3
1869672174,175,1
1870857376,91,3
1741177113,86,0
2079462726,75,4
1789944614,83,4
1772169568,112,2
1982622727,54,0
1770844143,89,4
2105074732,151,4
1770672568,118,1
1832460461,50,2
1773720758,77,1
1874452900,97,0
1868917526,45,4
1830178669,55,3
1899870488,73,0
1827753455,123,4
1764770523,60,0
2091330018,47,0
1973244097,144,3
1848677599,225,1
1853472515,139,1
2079462843,220,1
1866522548,102,1
1832834583,245,2
2098735311,144,1
1791181598,327,1
1935501976,124,1
1822446311,189,2
2046110848,112,3
1734135956,82,1
1831817507,26,1
1723554786,45,4
2080813913,157,1
1778257063,48,2
1742279856,35,4
1736979703,102,0
1764170019,94,1
1809994401,72,1
1920544295,209,4
1935500755,119,4
1725705990,73,3
2097098784,43,0
1920543707,161,1
1770708936,65,3
1972297588,76,1
1768202580,194,1
2090599089,64,1
1898279205,76,0
1873069404,99,1
1744224599,89,3
2080612370,107,3
1767071440,105,3
1744061117,308,4
1736980530,270,2
1881926561,60,1
2103985417,74,0
1912513390,45,4
2099059025,91,1
1741178569,122,3
1862571951,205,1
1898279669,106,1
2099060278,60,2
2135529048,37,2
1724482508,105,2
1832461145,206,1
1835514338,109,1
2091573860,64,2
1767072250,52,3
1898280070,91,1
1806298023,133,2
1922677223,116,1
1744276515,112,2
2080789296,261,4
1972297713,179,1
2080815646,147,2
1877011922,168,1
1827754252,100,1
1743613417,214,1
1781704191,104,2
2106670948,29,2
2080814021,79,2
1857294699,95,2
1744226504,88,2
1988858116,84,2
2090215988,92,4
1818186876,109,2
1834873349,72,4
2080403934,184,4
2102877227,49,0
2120718732,142,1
1789814246,84,0
1873070732,239,2
1956178063,133,2
1834872521,77,2
1832340262,153,1
2088098660,32,2
1818187261,79,4
1778781670,78,1
1973245412,65,2
1917024355,95,4
2100200577,158,1
1770844299,108,1
1733149942,129,0
1770729509,52,1
1856240600,154,2
1742405627,55,2
2019659636,129,1
1868623612,26,2
1744060400,92,1
1871189135,121,2
2097701626,132,1
1832489662,254,1
1863756234,111,1
2079461444,72,2
1734632037,199,4
1791273213,98,2
2046109971,190,1
1832461477,126,1
1791617594,63,1
1773722284,123,1
1879426307,116,1
1794258288,151,1
1742586499,164,3
1775801217,140,2
1982623693,18,1
1937457564,183,1
2089510357,202,4
1835297474,145,1
1724478276,179,1
1760588413,81,1
1842385583,36,2
1810298345,96,2
1842387294,46,3
2090598632,170,1
1813546520,192,1
1810298157,146,4
1848628081,206,4
2019660321,188,1
1770729312,218,1
1773519282,96,3
1937282850,254,1
1937901833,147,0
1791617257,252,1
1867115659,181,1
1830178897,68,0
2097330931,117,3
2099059228,53,4
1795645177,154,1
2088098702,165,2
2097510737,123,1
1922677444,67,4
1877012315,88,0
2045813353,38,2
1742407121,101,2
2010515632,89,4
1885895546,93,1
1778780498,79,1
2010714909,52,4
1852274066,140,3
2041802633,157,1
1842386140,239,2
1980405080,167,1
2099060129,171,1
1740058700,235,4
2091339652,131,1
2103780585,86,2
1871239746,95,3
1868918884,53,1
1736889022,121,4
1839724575,139,1
1806299552,49,4
1970288850,279,4
1842387219,128,1
1866314490,114,1
2100004322,101,1
1759873927,159,4
1987021713,29,2
2019367143,62,4
2103984047,26,2
1767072156,198,2
2098736324,136,2
2092412038,34,2
1877224423,88,1
1736889940,61,2
2088098531,70,4
2087628850,216,4
2079461140,64,2
1762928123,71,3
2100199931,78,0
2080789249,95,3
1725706403,53,2
1884737954,190,1
1873070250,307,1
2088098970,49,2
1954001845,103,2
2041804505,24,2
1747540955,38,2
1782417718,117,1
1830179411,122,2
1790031518,101,0
1744061505,140,2
1868880492,61,2
1860160337,153,1
2105700249,94,1
1922677579,51,3
1789945722,66,1
1885894146,95,2
1868917739,89,0
1759874081,59,0
1870858922,106,3
1774745308,164,2
2044106208,43,0
2120719378,128,1
1759874633,239,1
1789946114,53,4
1911883946,82,2
2051382845,252,1
1866315845,96,1
2097098649,169,4
1770843157,148,4
1762929266,183,4
1806299788,79,0
1827752811,134,4
2044105065,72,1
1874453939,204,4
1731645580,113,4
2051383176,153,1
1920544735,73,4
1736978779,84,1
1742586921,188,1
2051382293,57,4
1797029811,63,1
1928247439,117,2
1881925036,94,3
1801327029,58,4
1723218475,72,4
2051383095,153,3
2045813532,180,4
1899869781,64,1
1742281312,99,4
1911882847,123,4
2099525206,28,1
1821613013,84,4
2005597526,123,1
2010515015,170,1
1917023022,75,0
1918281457,156,1
2098589263,49,3
1837224925,81,0
1782419082,210,1
1797029513,183,1
1743613005,296,4
2005596390,58,1
1868953028,139,3
1775800200,153,4
1871188746,187,1
2100199334,49,2
1879429764,41,2
2091339568,85,3
1972296497,51,1
1777959530,83,3
1806298452,84,1
1809992844,99,3
1899869946,231,1
2089509244,91,4
1918281751,130,2
1781663062,192,2
1778781033,188,1
1829898135,147,3
1764169355,70,4
1724481776,168,1
1840064708,199,1
2098735393,161,4
1866314825,92,2
1724484114,153,3
1723218675,104,0
2097330851,171,1
1874329643,73,1
2120718919,160,1
1770728607,47,0
2083213134,105,2
1731019031,118,4
2019366659,97,4
1731018810,72,3
1863570182,114,1
1869673765,132,2
2088097925,179,1
2097702258,117,4
1868624089,227,3
2091330544,34,2
1736890253,300,4
1848627683,59,4
1960316231,32,2
1866314653,140,1
1832230818,57,2
1864023448,68,2
2099809600,30,4
1770707312,85,1
1822959613,168,1
1871979973,186,1
1852275633,42,2
2091329758,32,4
2097701344,51,2
1741177343,115,1
1868918760,73,4
1864022592,170,4
1881961657,207,4
1874330069,54,4
1856239404,65,2
1815693457,21,3
1949436980,121,1
1868623715,74,0
1881961136,92,0
2092408875,78,1
1833400894,69,1
1871980922,98,2
1840065581,90,1
1827752334,114,4
1852521336,224,1
1817219227,72,1
1857293707,184,4
1770709045,104,2
1808262015,103,2
1868624879,219,1
2092410027,130,1
1770383772,47,1
2044105316,121,1
2097509576,198,1
1839727410,49,2
1780914049,99,1
1770843374,250,4
1839723631,192,4
1723219500,103,4
1822958416,65,0
1850122490,98,1
1775800623,47,2
1867116759,32,2
2010714938,32,2
1835514838,296,1
1781703153,95,4
1758801038,107,0
1729533606,94,0
1747541969,245,1
1832340791,6,2
1772936847,105,4
1808260933,70,4
1852520107,115,4
2105076211,65,2
1871980468,113,1
2010714537,24,2
1832460911,167,1
1791181465,186,1
1960314898,163,3
1808262544,74,0
1810298469,227,1
2090597531,46,4
1918100521,63,1
1876944827,226,4
1879427602,287,4
1973244138,91,1
1867115899,83,1
1912512911,127,1
1862571823,90,0
1818187823,86,2
1778568714,73,0
2080790467,75,4
1878348686,43,2
1830177892,205,1
1788471392,105,1
1830178360,106,3
1920543920,170,1
1720968044,210,1
1869055655,116,4
1961652418,91,0
1937458857,198,1
1886315471,96,1
1808261191,129,3
1774746038,135,1
1780913313,224,1
1742586560,209,2
1839725256,61,1
1742405802,69,0
1818890685,226,4
1734632263,489,4
1758799417,184,4
1742406647,136,2
1838652874,97,2
1868880055,50,3
1899870470,88,0
1742280112,48,1
2097331434,51,1
1878456198,52,2
1822447362,55,2
1956178611,106,3
1878230480,135,1
1973245237,118,2
1868880478,116,1
1848678378,88,1
1909509095,79,4
2100003762,115,4
1793047342,21,2
1898278547,68,0
1861753174,107,1
1821612985,154,4
2097330507,168,4
1865228406,168,1
1790032036,82,1
1723554548,55,4
1790031651,27,2
1813545071,191,4
2098735404,98,4
1868624903,88,0
1852521602,103,0
1733178591,87,3
2088961529,61,4
1867116877,204,1
1861060561,144,0
1935501719,200,4
1829417910,126,0
1791182904,76,2
1770707254,136,4
2044594176,112,4
2080789536,121,1
1881925671,224,2
2080814494,147,4
1781703257,243,4
1758799898,81,1
1872862572,75,4
1744061374,117,4
1831818562,69,1
1778568724,115,2
1729534141,293,1
1759921775,90,2
1764170369,130,1
1835172511,104,1
1747541900,65,1
1770842717,68,0
1770842798,30,2
2105701470,36,1
2019660322,94,2
1791274323,118,2
2083214718,89,1
1876945572,98,4
1770383258,56,2
1791617333,170,2
1723554022,111,4
1871979555,125,3
1758802082,67,1
1949437263,165,3
1838652942,19,4
2080813780,207,1
1781704585,183,2
1871239901,69,1
1835172476,63,2
2095594413,141,4
1764770803,22,2
2091330780,176,1
1778256929,69,2
1918100729,120,1
1731645371,225,3
1758802558,114,0
1770843703,99,2
2103780126,85,1
1868623201,69,1
1783688472,107,1
1911884036,175,2
1810759849,119,1
1806298873,245,1
2099946288,39,4
1868464049,41,2
1918101497,134,1
2106035058,219,1
2097509811,53,4
1771814428,60,1
2080789130,72,4
1778567857,111,2
1772170730,62,4
2100200079,179,1
1778569226,190,4
1770817315,155,4
1791272883,53,3
2088962775,72,1
1987022405,52,2
2100200329,329,1
1918101057,172,2
1859020077,122,1
1982622807,156,2
2003835479,175,3
1976589966,170,4
2099809711,74,1
2097099568,88,0
2088097073,244,1
1783688432,228,1
1733150057,198,3
1877012672,147,4
1878230924,169,1
1869672718,84,3
1869057065,100,4
2041803682,213,4
1762936743,141,2
2044106877,17,2
1734134699,288,1
2100004228,45,2
1767071575,91,4
1868917752,146,3
2005596840,212,1
1878347716,103,2
1852274439,200,4
2010144183,67,1
1918100390,128,1
1829417363,154,2
1778567482,225,1
1956178320,68,0
1791371147,49,0
2097510245,24,2
1741177765,13,2
1917023997,71,0
1911884023,50,0
2044106797,77,1
1781704142,148,4
1742586045,92,2
1785888528,258,1
1771813660,193,4
1790032239,115,2
1818187661,136,1
1860160848,179,4
1832834196,124,4
1960316071,186,3
1852521985,137,2
2079462492,122,3
1733520528,127,2
2046111560,77,2
1794259757,69,4
1832461272,118,3
1870857197,164,4
2097100307,233,4
1815692863,197,1
1832229482,159,1
1725705905,77,0
1809599986,32,0
1937458199,126,1
2005596369,261,3
1724478767,214,1
1943672506,145,1
1832833493,52,4
1742405812,310,1
2099060675,132,4
2019659508,32,1
1791617429,131,4
1781663556,53,2
2080790896,124,4
1937901588,72,1
1869057607,121,2
1770816464,277,1
2044595898,76,1
1879426271,98,2
1725706096,104,1
2080815112,70,0
2093875301,162,4
1789814051,114,4
2099946524,44,2
1922677616,126,3
1866315194,40,2
1831817758,81,1
1884577007,112,2
1729532530,49,2
1788471658,103,1
1742587261,113,1
1956178795,216,2
2090215787,182,4
2010515445,88,1
1848677439,54,1
1817219634,56,4
2044105800,97,3
1759887415,183,1
1815692406,165,3
1878456567,81,1
1928246919,169,2
2083213708,31,2
1724482657,122,4
1733150777,166,1
1723553627,187,1
1832834558,279,1
2079461716,87,2
1856753097,59,3
1886314809,228,4
1818186865,58,4
1871239973,62,4
1826541970,127,1
1731646456,146,1
1885895603,70,1
1724481162,96,3
1795645069,283,4
1724479449,133,1
1884578477,146,2
1912512904,92,1
1973245293,108,1
1767071330,400,1
1881960752,161,1
1762937804,66,2
2010515513,105,0
1723554136,94,2
1867212637,113,4
1943673255,125,1
1928246242,43,2
1852520189,16,2
1895908291,144,1
1879427565,109,1
1810760340,81,2
1770815710,61,2
1733520420,93,3
2098736320,122,4
2080815346,110,2
1810758931,123,2
1835297445,31,4
1826541558,169,1
1777959240,100,2
1809994399,156,1
1976589793,98,4
1987020693,200,1
1863756244,120,4
1770382256,84,4
2088098486,66,2
1928246726,84,1
2105700405,44,2
2080815659,84,2
1789813715,173,3
1970288619,91,1
1759886023,358,0
1791618640,49,0
1871980158,205,2
2135530621,56,0
1868463565,127,0
1832490853,113,1
1848677421,80,0
1770815846,77,0
1729533084,171,1
1790030440,141,3
1832339362,313,1
2105075747,132,1
1912514050,112,0
1832229423,187,0
1956177773,96,0
2051382837,149,4
1734134363,115,1
1762928971,17,2
1857293307,115,0
1839724467,119,2
1895909582,74,0
1856240656,67,1
1822957839,143,3
1725706396,220,1
1747541654,180,4
1874453385,114,2
1770815556,148,2
1771813049,54,0
1837226315,89,1
2088097713,249,3
1980404858,50,0
1899869699,85,3
1918281950,159,1
1777959869,217,1
1937901090,143,1
1789945687,167,2
1850122923,178,1
2089510002,44,2
1862571191,116,3
1877224838,66,2
1860161289,143,1
1758799072,165,1
1795644273,163,4
1773721758,242,1
1817220262,69,3
1791372635,154,4
1734632405,172,4
2093875370,98,2
1867211337,29,2
1960316230,70,3
1734134696,180,1
1737695711,132,3
1794258440,75,3
2097331739,168,1
1724484297,111,3
1917023179,122,2
1810759759,111,0
1789944931,142,1
1840065958,268,1
1725706662,107,3
1818891680,160,1
2120717808,120,2
2080404475,112,2
2097509898,130,1
1770382496,263,1
1860160969,234,1
1797029154,51,2
1873069776,121,2
1909509784,183,2
1877012472,123,3
1961651018,198,4
2090216570,220,2
1867212566,27,4
1928245632,29,3
2079461349,76,2
1806299743,104,2
1878348484,61,4
1960316369,110,1
1829418707,224,1
1973244527,133,2
1861753081,92,1
1832230506,95,1
1881926413,81,4
1899869515,65,4
1809600450,36,2
1788471445,349,4
1734135273,111,1
1937282756,62,0
1860159619,26,2
2093875233,46,2
1861754088,144,1
1833400765,212,4
2010143984,135,3
1872862148,111,4
1868918482,57,2
1819115730,156,4
1832340588,149,3
1773518573,173,1
1770672583,102,1
1976589098,52,1
1819114256,37,1
1877223373,82,1
1869057431,170,2
1747541767,151,1
2090598962,143,3
1868953615,165,2
1871981120,124,1
2044105703,23,4
2090597375,99,4
2092409183,88,1
2090215879,143,1
1867116146,182,4
2051383371,19,2
1743613151,225,0
2100199210,47,2
1781704268,167,4
1767071715,206,1
1723553434,70,1
2045815251,85,2
1758799020,92,1
2087627916,115,2
1822447871,45,0
1871189267,91,0
1801325162,79,4
2093873549,99,4
1762929416,74,3
1879427134,79,0
1772936486,181,1
2100004097,56,0
1773519952,122,1
1863569973,100,1
2019658943,179,1
1725705249,124,2
1857293681,291,1
1877011787,89,1
1785889612,46,4
1835172429,132,1
1794258158,84,1
1822958062,94,1
1876944772,173,3
1744276510,53,2
1840065296,132,1
1831819229,139,2
1943672049,73,4
1898279129,70,1
1918282163,129,2
1918101323,115,0
1937901737,92,2
1861753894,131,2
1777959229,166,4
1917023589,143,3
1782417808,256,2
1977436627,153,4
1832339978,200,3
1826541873,186,4
1842386137,59,2
1838652168,57,2
1881962085,219,4
1809993334,233,4
1857293572,93,2
1724482766,40,0
1724483800,317,4
2093874398,141,2
1747541412,77,0
1811579854,128,4
2088962718,118,2
1725460550,64,0
1818186603,202,1
1833399376,74,4
1871240283,53,2
2079462012,226,4
1744273025,41,2
1867213095,67,4
1835297792,160,2
1861059834,51,1
2100200311,178,1
1791371709,107,1
1724481246,103,1
1864023115,35,2
1866521407,75,2
1837226282,48,1
1773520053,180,2
2105075373,60,2
1863571117,108,2
2099524977,275,1
1772169844,121,1
1724483338,119,4
1928246307,105,3
1874453769,219,2
1818188153,215,1
1742586594,113,0
2093873656,49,4
1778567953,129,1
1789945928,67,0
2100200130,44,4
1867212950,221,1
1791273673,178,4
2106035313,154,1
1725705122,146,4
1760589090,89,1
1778780559,106,2
1856754214,225,1
2135528928,59,0
1818891609,89,4
2105074252,11,1
1822958070,120,1
1868918844,89,3
1868463966,182,2
1818891694,93,3
1832835488,38,3
2080789579,168,1
2097510799,205,1
2106669148,166,1
1871979674,74,2
1770708959,110,4
1869672340,44,3
1987020885,24,3
1762937020,185,1
1723219831,102,1
2135529200,211,4
1954002974,99,1
1795644266,140,1
2135529248,59,1
2135530170,180,1
1790032095,43,0
1937282267,133,2
1770817239,71,3
1764169323,125,1
2003834738,80,2
2103780883,68,3
1724479103,80,4
1856240760,96,1
1742405177,228,4
1871238590,52,4
1723218563,77,1
1736889200,148,2
1818890897,87,1
1778567834,44,4
2105074619,175,1
2102878389,91,1
1791371267,108,4
1840066336,119,1
1806298875,89,0
1762927852,137,3
1848627182,232,4
1861752974,176,3
1886314652,60,0
1865226906,243,4
1860160501,105,1
2003835827,128,2
1868954729,110,3
1832461715,187,1
1917022821,30,4
2098735837,150,4
2046111081,53,1
2098590045,166,4
1817220775,58,3
1771813776,146,3
2005597339,209,4
2005597050,98,3
2103780976,93,3
2091330648,129,1
2010515797,69,3
2041803159,75,3
1777958486,160,1
1790030617,194,2
1838652507,240,3
2097702775,150,3
1935500650,284,4
1764770540,153,4
1737695647,132,2
1832834965,53,2
1781702803,23,2
1724478241,86,2
1835514710,115,1
1759873196,113,2
1831818046,92,3
1943671798,124,1
1954003221,132,2
2093873308,144,2
1861753683,69,1
1833400617,105,3
1961651428,86,2
1856240891,108,0
1833400236,103,2
2091330495,224,3
1877012469,83,3
1970289260,61,1
2080612207,95,2
1806299110,181,4
1920545187,156,1
2099524577,36,2
1741176897,273,1
1867211017,114,2
2005596586,52,0
1810298416,67,3
1835171246,128,1
1744060852,95,0
1733150435,138,1
1762936879,102,1
2091339210,140,4
1797029208,47,0
1857293114,63,1
1832231127,99,0
1840066721,205,4
1881962063,87,1
1770708615,122,1
2088961712,109,3
1806299321,64,0
2003835069,142,1
1835170995,109,2
2019658762,78,1
1725461123,70,3
1762928318,211,1
1865228079,111,4
1868954418,106,1
1736978942,129,2
2105075973,121,4
1832460097,76,4
2010515371,112,2
1817220441,185,4
1759873628,42,3
1742405811,74,2
1911883076,57,1
1818187696,159,1
1806298657,127,1
1813545443,88,1
1734633534,202,4
1770817376,64,2
1874330622,166,1
2003835145,130,3
2099809453,92,1
2097701872,56,4
1766248470,184,1
2091573914,147,4
1876943856,39,2
1770817363,113,3
1720901478,218,3
1791617072,72,2
1818891082,49,0
1819114309,79,2
1758800814,51,0
1982623091,230,4
1937281384,91,2
2079461922,231,4
1830584912,138,2
1871240051,124,1
1831817943,152,2
1772170255,100,2
1762936205,80,1
1818891790,129,1
2091573984,39,3
1826540541,108,1
1848677027,24,2
1868954726,108,0
1768203435,64,2
1725460689,67,3
1772936473,101,1
2005595928,142,2
2099810000,102,2
2044595179,80,3
1725704798,135,1
1791274215,35,2
1733178827,136,2
1918281675,230,1
1941315948,104,3
1729532731,160,4
1837224582,91,3
1832340625,99,3
1941317542,176,1
1877011686,174,3
1935502279,75,0
1794259519,128,3
2097099828,422,1
1742281210,125,4
1781663155,156,4
1877224307,115,4
1935501817,347,1
2079462178,126,1
1791182839,45,4
1829897668,62,4
1877012410,90,1
1840065616,63,0
1832835118,50,0
1848626857,263,1
1778568790,155,0
1937282285,65,1
1778256289,61,1
1809992570,83,3
1794258002,165,1
1810758331,85,1
1809993078,76,1
2099809153,153,1
2090217001,139,2
1759886887,162,1
1833399953,57,2
1789813115,88,3
1881925129,183,1
1848677900,144,1
1770382413,167,3
1818890975,103,2
1826541286,131,3
1909510357,188,4
1865227472,85,0
1736890169,46,3
1773519049,137,1
1857294145,201,1
1740059356,108,0
1734633201,74,4
1747542335,150,4
2044595800,88,2
1853472504,132,2
2087627112,84,4
1827753367,119,2
1988860031,79,1
1848626619,269,1
1788470317,61,4
1980405783,69,0
1766250061,83,4
2120718526,265,1
2092408776,124,4
1827937258,45,2
1791617076,111,1
1863570833,105,3
1729533883,92,1
1829417231,29,0
1832338893,140,2
1791273025,36,2
1868463691,73,2
1789945825,190,1
2051383199,139,1
1852275514,127,2
1848676874,135,1
1723219620,48,1
1877318603,135,4
1733519784,129,1
2092407948,71,3
1988858969,63,0
1877011481,82,0
1826540943,139,4
2106668929,63,3
1773518467,236,4
2046109760,70,1
1734632894,84,4
1720969001,147,4
1973244277,121,2
2099059955,65,0
2083214489,99,1
1878348304,206,1
1725704810,110,1
1870858189,66,1
2100004886,100,1
1778781196,259,1
1781702815,284,1
1949438019,33,2
1868918588,16,3
1733177854,96,4
1835296790,199,1
1764170289,345,4
1980404114,198,2
2098735948,41,2
1789812820,161,2
1988860036,150,3
1881962118,272,4
2005597999,133,0
2103781199,182,4
2010713299,91,4
1736889357,101,3
2019660461,104,2
2105075014,86,0
1832461072,188,2
1778780913,126,0
1778569031,56,3
1827754418,119,1
1741176992,254,1
1898279486,83,4
1762937290,133,4
1744060906,99,1
1878348843,100,2
1790031168,141,2
2097099860,116,2
1791616987,86,3
1744273794,182,4
1770729229,30,2
1911883009,279,1
1759874655,61,0
1793046831,72,2
1770816862,105,3
1778569507,93,2
2005597079,86,0
1862571561,135,1
1920544386,53,1
1869672959,158,4
1744272725,102,3
1810759891,84,2
1988858414,108,2
1773721678,153,2
1852521693,33,4
2010143978,67,4
2005596153,122,1
1838651689,123,2
1795643910,227,4
1911882749,81,4
2044105818,94,3
1720901054,67,4
1723218848,248,1
1766248564,159,2
1842385781,92,2
2010145663,104,3
1831818060,59,4
1789946293,134,1
1764169541,234,4
1960315959,148,2
1775800881,35,2
1789945230,124,1
1793046958,66,1
1860160869,147,4
2120719074,172,1
1789816662,51,2
1920545094,202,2
1742405996,81,3
1935501200,299,2
1909508883,252,1
1790031892,163,4
1860160695,68,4
2041804400,109,2
1943672753,89,2
1797030569,129,1
1830179424,185,3
2097331223,67,0
1789813048,16,2
1720900877,61,3
1723219028,189,1
1770709210,31,4
2080403342,138,1
2080403259,167,4
1861059905,89,3
1778569329,53,2
2088097437,170,3
1941316132,111,1
1827752448,148,4
1868917443,114,1
1723218540,283,1
2080790305,56,0
1860160685,71,1
2003835823,101,1
2010715002,73,1
1809600034,82,2
2120718810,191,4
1729532065,81,1
2097331192,115,4
1723554099,221,4
1791182121,155,0
2105075111,155,1
1725461647,105,1
1839724423,203,4
1877318749,78,1
1864023389,61,1
2046110211,94,4
1791372497,134,1
1723553799,138,1
1870856942,176,1
2098590487,173,1
1809599942,154,1
1733177047,110,1
2099945019,156,1
1770817187,147,4
1827937374,173,1
1725706556,246,3
1852522093,132,0
2080789415,121,4
2010144425,59,1
1899869355,73,0
1801326844,123,4
2088098496,89,4
1863756650,137,1
1778567788,185,2
1772936368,24,2
2019367711,160,3
1762929405,140,1
1827752523,42,2
1961652086,80,1
1840066149,25,2
2080814151,163,4
1826540855,29,3
1781703953,163,1
1874452171,130,1
1829897047,84,4
1778569085,85,2
1789946115,57,1
2092408795,88,1
1835172147,167,4
1839723681,96,0
1885895127,113,2
1861754503,71,3
1856239482,62,1
1788470062,59,2
1759873239,115,4
1770844536,114,4
2091339360,141,1
1874330085,181,2
1744273526,98,4
1723553959,186,1
1764169071,162,1
1724478264,46,4
1741176648,162,0
1920544926,62,3
1806298090,177,2
2090597512,138,2
2080789885,94,2
2003834948,108,4
1764169340,123,4
1809599481,40,2
1972297683,157,1
1918101540,134,2
2089508705,150,1
1977435594,138,1
1877373012,87,4
1821612246,233,1
1831818889,155,1
1793046797,81,1
1861059484,63,1
1778780788,166,4
2099810765,237,1
1832835519,104,2
1863570803,96,3
1868917553,81,0
2120717659,177,1
1879425851,81,0
1780913904,158,1
1810298378,107,1
1881961030,114,1
1759873510,171,3
1831817623,92,1
1778257867,65,4
1817219890,77,4
1724482920,118,1
1867116644,70,3
1928246135,89,0
1864023169,48,2
1790030453,16,2
1831817313,92,2
1876944198,99,3
1877011394,145,1
1884578215,130,4
2090215304,219,1
1872861494,101,2
1868880780,70,2
1911882569,46,1
2090216035,94,1
2093873622,95,1
2106669758,212,4
1848628479,106,1
2083214818,63,0
2091574559,68,0
1977438573,32,2
2105074222,71,0
1723219228,226,4
1770708178,78,4
1976590609,141,4
1737694575,53,2
1856240873,126,4
1871239702,80,4
1937458884,94,0
1863570849,132,1
1725461927,73,1
2080814314,143,4
1877224235,190,1
2103984475,235,1
1835515071,112,3
1760589537,58,1
1877224424,197,4
2106670647,115,2
2045813199,83,4
1870857624,169,3
1742283376,42,2
1937459212,6,2
1839723837,203,1
1837225217,37,2
1777958450,136,4
1877011900,183,3
1742280409,101,2
1869672611,177,4
1861058941,171,1
1982623528,178,4
2088961450,118,1
1885895373,65,1
2097702839,95,1
1772937289,295,1
2010144787,54,0
1762936417,99,1
1912514722,114,1
1833399781,146,1
2041802692,260,4
1813546311,68,2
1980404576,133,2
1982622106,106,1
1877224751,140,1
2099810630,98,2
1874330142,448,4
1886314313,87,3
1832460136,19,2
1874330313,90,1
2097509628,97,4
1842386862,182,1
1806299441,173,2
2098590040,39,0
1724482774,188,4
2103984307,322,1
1867116373,91,4
1988859042,155,3
1734632353,38,2
1988859082,90,4
1729532639,56,1
1720901113,124,1
2080613053,135,3
2102876459,141,2
1972296502,172,1
1832489889,17,2
1899870018,91,1
1781663721,186,1
1832340387,99,3
1886315608,57,3
1832229410,164,1
1839723646,127,1
1759873587,130,1
1988859450,43,3
1833400022,170,1
1724483718,143,1
1818187782,84,2
2099945106,76,1
1832834865,219,4
2087627937,41,1
2046110731,96,1
1822447011,48,4
1774744792,133,3
2019660288,83,2
1977435542,167,2
2120718492,49,2
2041804034,138,1
1917023373,103,1
1791182509,43,2
1871239241,68,2
1813545392,294,2
1866522174,159,2
1840066595,55,0
1877224070,68,2
1838652180,43,1
1724481677,81,1
2079461288,56,0
1840066511,146,4
1866316186,110,4
1734633002,224,1
1729532762,61,3
1767071225,115,0
1731017784,101,0
1876945242,215,1
1988859252,88,1
1865228692,96,3
2099060979,61,2
1833400456,79,0
1783688191,189,1
1834872864,209,1
1790032017,16,2
1920545009,246,4
1759873178,164,1
1898280323,117,2
1760588997,97,4
1920544041,224,1
1972296360,148,4
1772170514,61,3
1886315105,56,3
1811580504,104,1
1791618037,101,3
1806298097,95,2
2003836127,50,2
1863570576,129,2
1835297021,65,4
1871240086,136,4
1793046035,69,1
2044105208,49,3
1778781324,211,1
1877011033,244,1
1862572210,66,1
1819114459,131,4
2090215286,83,4
1832460513,41,2
1853472553,89,2
2046109544,71,1
1811580166,138,1
1853472492,30,2
1789814239,193,4
1878347759,136,1
2080815761,66,2
1791274024,160,1
1788471043,75,0
1821612631,81,4
1909509982,51,2
1731019096,162,4
1832489331,128,3
1832835412,196,1
1810758589,188,0
1874333628,43,2
1777959749,158,1
1770708494,283,4
1884577126,99,3
1724483237,171,1
1742405041,151,2
2080404258,298,1
1881961685,105,1
2091573689,64,0
1782419194,93,1
1733519911,135,1
1766250346,53,2
1970289180,100,2
1848676469,222,1
2099060861,129,3
1868953673,130,3
1867212239,238,4
2045814129,98,4
1758798739,100,4
2044105108,45,2
2105075717,135,1
2099944991,146,3
1781662767,293,4
1817219460,327,4
1870858809,42,2
2098736030,132,4
2088961279,104,0
1791180967,169,2
1729533156,100,4
1758800821,108,0
1832229862,167,1
2100200204,75,3
2088961383,112,3
2044595770,132,3
1842386600,105,1
2041804365,138,2
1778567488,36,4
1918281701,99,4
2100199823,151,1
1867211873,63,0
2083213135,119,1
1819115720,168,0
1876945356,68,2
1795645266,94,1
2080403925,58,3
1922678186,52,2
1878231530,98,2
2097701000,116,4
2083214410,102,4
1943671895,172,2
1744060784,179,1
1835514381,122,4
1806298455,107,2
1758799119,179,1
2090217030,30,2
1870858386,155,1
1781703749,157,1
1865228201,134,3
1790030574,161,2
1789812972,67,1
1789945679,84,4
1848678041,103,1
2099060750,267,1
2106036784,100,2
2083213342,187,1
1853472073,94,4
1832229583,101,1
2097331927,60,2
2091574080,241,1
1789814553,93,3
1740058696,108,4
2044594768,99,1
1859019896,90,1
2105699922,8,4
1960315940,62,2
1868463202,33,3
1827754089,67,0
2080815635,76,3
2099945429,142,1
1877012074,95,2
2046109618,71,4
1861059782,138,1
1737695709,145,1
2091331127,194,1
1982624092,85,2
1856754483,33,0
1770729340,200,1
1839724393,157,2
1830581272,146,4
1773722429,82,4
1835513865,101,0
2080404622,40,2
1795644705,150,1
2045814555,138,1
1819115572,51,3
1788470030,317,1
1797030685,109,3
1956178385,195,1
1770383244,175,1
1850339158,125,1
2088097575,113,2
1734135562,44,3
1909510238,123,2
1852520883,167,4
1762937690,139,4
1872862292,87,1
1819114351,167,1
1886314284,175,4
1877223720,167,2
2093873724,110,1
1871239550,155,4
1884737852,102,0
1759885788,99,3
1840065391,133,4
1791372161,149,1
1791274289,85,2
2083214675,155,1
1819114140,144,1
1819114519,128,1
1770728708,113,1
1813546499,175,1
1885895175,187,2
1801326750,209,1
1866315018,99,2
1871239371,162,1
1791618325,171,3
1835297784,60,2
2103985564,78,0
1770383580,123,2
1781702607,85,0
1884737868,248,1
1778781630,110,3
1781704351,186,4
1867212732,201,1
1970289943,139,2
1829418654,61,1
1871188713,94,4
1838653498,172,3
1729533612,110,1
1838652753,204,1
1869673948,203,1
1782417976,27,2
1827938488,46,3
1864022515,111,2
2088962693,124,2
1878456473,81,0
1778781195,159,2
1758799078,331,1
1877010973,97,1
1881926222,76,0
2080790159,120,1
1885895029,41,2
1826540824,123,0
1867212119,135,4
1848627593,115,4
1870858259,156,1
2106036029,173,2
1737694147,24,2
1724479451,81,1
1785888085,270,4
1954001409,233,1
1885895144,35,0
2045815331,51,3
1773722260,46,3
1832834502,241,1
1941317362,79,0
2095595165,150,3
1848677684,69,0
1791182968,144,2
1808262496,123,1
1877317872,114,1
1781663505,274,4
1885894163,85,1
2088098018,83,4
1827936775,64,3
1819115219,77,1
1744273399,28,1
1775800147,140,4
1731018170,98,1
1873069373,101,2
1742405314,58,1
1770815552,194,1
1777958002,109,3
2070099967,66,4
1832833625,293,1
1821613346,63,1
1870857236,55,0
1976589789,190,4
1773518471,218,4
1742587678,141,1
1744273297,125,0
1736978795,80,1
1869057420,31,1
1788470631,70,4
1863570948,104,1
2097701848,28,2
1780913753,198,1
2100003985,183,1
2003834548,60,1
2103780587,259,4
2098736444,52,4
1937457723,234,1
1842386054,61,1
1972297457,38,4
1937457640,124,4
1941316863,148,2
1822447472,195,4
1877372118,156,1
1791371729,112,2
1785889051,80,0
2106035794,88,0
1819114711,120,2
1741176607,171,4
2100004904,112,3
1877223673,156,2
1869055758,124,1
1747542229,99,1
2093875234,87,3
2091574035,105,4
2080613609,12,2
1937458336,83,3
1790031820,64,0
1833399522,144,0
1791618454,21,2
2105074265,133,2
2090597777,155,4
1852274448,216,4
2098590776,52,1
1789814390,127,1
1736890419,120,1
1881961407,87,1
1791617098,101,3
1874331618,95,2
2092408529,262,4
1760588766,109,1
1877011363,63,3
2100199123,87,1
1766248449,101,0
1867212065,129,1
1873069965,72,1
1918281588,47,4
2044105526,117,2
1789813712,56,1
1856239977,140,3
1758799059,164,4
2088098401,181,2
1743613513,77,0
1912513939,124,0
1867115703,173,4
1829419027,95,4
1733150491,94,2
2099524431,94,1
1871981364,73,1
1770728390,101,4
1866522927,33,0
1772170401,173,0
1770672746,103,2
1835514963,116,4
2010145059,68,3
1881925185,147,4
1759921111,135,3
1920544538,166,4
1937458191,155,4
2088097685,77,1
1783687675,105,1
1794259849,59,2
1770708423,127,4
1874330011,88,4
1827936469,164,4
2106670217,78,2
1775801074,242,1
1829898356,64,2
1878347355,79,0
1878456397,43,1
2120718270,34,3
1878348117,90,1
1829898159,176,2
1872862163,200,4
1806298210,57,1
2091574508,141,1
2090215006,110,4
1770671549,77,4
1742406359,184,2
1956178162,42,1
1935501199,137,1
1876945033,104,3
1794258312,172,4
1872862351,95,0
1801325294,147,2
1778781278,104,1
1960315459,173,1
1870857073,251,1
2019366034,58,2
1734135140,139,1
1770671710,113,2
1884576921,83,2
1744222501,63,1
1872861635,43,4
2099060544,43,2
1941316033,73,0
1734136009,75,1
1852275435,39,1
1954002871,53,1
1809599906,178,1
2091330104,140,1
1774745827,132,1
1898280240,72,4
2083214110,51,1
1821613875,84,0
1833400028,80,1
2106669157,124,1
1879427083,220,2
1833401191,81,1
1956178239,97,2
2088098247,55,3
1790030586,76,2
1791617703,116,2
2099525502,86,1
1920544087,48,1
1808262645,96,1
1723219661,68,0
1956178155,179,3
1856754549,71,3
1736979973,145,1
1976591013,47,2
1982623128,106,1
1857293688,32,3
1876944998,78,0
1809600152,24,3
1744222737,149,1
1881925965,243,4
1871188954,174,2
1788469918,180,1
1871189658,82,4
1874452817,90,2
1879427401,114,1
1874453170,30,2
2103781033,69,4
1758799720,139,4
1839723716,181,4
2080404290,102,3
1865228596,139,1
1874331061,94,1
1821613166,59,4
2105700298,87,4
1733520488,197,2
1861753359,63,4
1871238961,56,4
1737695878,55,1
1867212956,140,1
1859019741,191,4
2106035029,103,2
1764169852,100,1
1850122013,50,2
1734633485,241,1
1782417758,128,1
1764769827,61,0
1740058983,47,2
1884738703,162,1
1729533758,91,1
1759874489,119,1
1869673247,94,3
1884562593,93,1
1976591076,62,2
1819115939,213,4
1867212996,211,1
1742281084,89,1
1772170074,167,1
1884737994,78,4
1740059822,88,3
1884577996,150,4
2083213269,96,4
1791181815,101,1
1774744627,140,0
1808261863,101,1
1729533452,111,0
1826541121,253,4
1778567819,225,4
1922676400,147,3
1774745534,54,3
1790031971,100,4
2103985678,156,1
1832229565,135,0
1742586325,56,0
1827754314,196,1
1850122588,77,2
1863756189,141,2
1830179473,83,4
1868881265,108,4
1935501902,185,4
2010713359,69,1
1877011790,64,0
1762928782,64,1
1866522099,118,1
1764169299,117,2
1835514081,108,2
1809994060,173,1
1818187953,67,2
1818187461,302,1
1835297770,10,2
1833400463,58,0
2105076081,37,1
1917024065,54,2
1863756235,156,2
1791181012,142,2
1793047408,40,2
1785888627,264,4
1862572016,88,1
1795644775,26,3
1832338781,169,1
1853472530,90,3
1813546567,286,4
1829898610,127,1
1840065652,77,4
1729532499,37,1
2003834409,105,3
1731019161,102,1
1980406188,78,1
1762937521,214,3
1881926601,137,2
1744272595,110,0
1808262019,210,2
1770844391,109,2
1868954792,92,1
2010516550,133,1
1788471097,129,1
2098736849,151,1
1878231026,138,1
2003834664,247,1
1982622402,87,2
1819115021,66,1
2103780394,188,1
1867116480,65,4
1734632597,117,1
2098590437,63,3
2092408969,87,1
2080403650,270,4
1725705569,61,1
1867116151,196,3
1850123128,98,1
1770707462,165,1
1778780551,193,2
1859020136,136,1
1832833623,215,1
1869673607,153,2
1884738243,108,1
1872862454,68,0
1809600123,139,1
2010145671,95,0
2105701173,198,1
1879426646,51,4
1977435525,72,4
1830179029,185,2
1742279352,75,2
1723219195,138,1
1810758395,156,4
1810758809,30,2
1736889806,266,3
2097702728,135,2
2093874964,7,2
1778569181,97,1
1789945884,75,0
1829897532,59,3
1829418247,73,2
1780914856,102,2
1840066684,48,4
1759873917,37,1
1777958810,125,1
1782419338,155,1
2044106911,60,2
1868462969,63,2
2087627760,197,2
1770844190,51,2
1809994256,101,2
2051381893,78,1
2080814615,92,1
1960314966,306,1
2010144185,59,0
2080790328,168,2
1884577554,109,2
1870857737,95,4
1826540647,44,2
1724479673,247,1
1909509536,72,4
1864022837,31,3
1878457099,107,4
1827936496,118,1
1821612519,94,4
1857293560,44,2
1827752666,89,3
2098736798,127,1
2102877783,33,4
2091329728,97,1
1806299849,70,1
1885895338,85,0
1790030626,171,4
1877011580,105,2
1790031941,81,4
1742280449,50,2
1808262691,82,2
1917023228,124,1
1869672963,232,4
1877225153,85,3
2088962146,106,3
2135530429,125,2
1949438131,5,2
2103780504,72,0
2088962505,148,3
1829417586,125,4
1809993197,135,1
1811579173,158,4
2087628133,212,1
1877224880,25,4
1770728929,95,1
1724480709,73,1
1734633288,121,0
1857294906,88,1
1988859318,174,4
1865227434,38,3
1833399567,106,1
1764169641,173,4
1734134398,127,2
1871239994,244,1
2070100139,193,4
1741176426,90,1
1720900986,62,3
1866314782,42,0
1988858190,35,2
2120718657,52,2
1935501824,146,1
1758799552,123,0
1747542016,58,0
1866522653,49,1
1793045739,134,2
1758801131,70,4
1861060327,91,0
1848678220,74,1
1770382483,260,4
2090216605,86,0
1922677123,72,1
1874453620,205,4
2090598931,137,4
2079462149,181,2
1789944836,247,1
1797030204,118,0
1972298263,139,1
1770844146,230,3
1729533013,33,0
2080815808,311,4
1838652906,129,1
2044106779,93,1
1868954590,46,2
1878457393,142,3
2083213192,264,4
1852520417,56,4
1744274023,22,2
2088961322,80,3
1809994041,80,3
1912514217,165,1
2088963040,59,4
1773520225,113,2
1772170087,69,2
1724480780,63,1
1874452603,228,4
1848628282,158,1
2083214432,40,2
1832490610,276,1
1793046540,130,3
2098735334,142,3
1869055671,120,0
1848676458,150,4
1785888711,89,1
1733520211,165,1
1827754502,98,0
2093873451,196,1
1809601286,107,2
1987021218,127,1
1733520017,96,2
1861059451,131,3
1982622412,112,4
2087627182,203,1
1982624113,123,1
1852520351,156,2
1759874444,56,4
1839724081,227,4
1725704631,244,4
1848677768,164,2
1758801516,225,4
2106035674,374,1
2019659198,179,1
1922676338,85,2
1829896695,171,1
1850339593,143,4
1868463520,100,1
1775799935,110,2
1810758445,75,1
2097701217,98,2
1977438567,85,2
1869057624,72,4
1742280447,31,4
2045814247,142,1
1826541096,100,1
1818891598,123,2
2097331012,175,1
1937900974,73,2
1734633854,80,4
2080813627,57,3
1834876180,30,2
1762927825,135,4
2088097815,49,1
1868623351,82,1
1918100961,197,2
1740058336,64,2
1988859522,80,1
2097509688,83,1
2090216330,115,1
1830582795,108,0
1922676596,122,1
1733519961,28,2
1736890358,206,1
1785890169,220,4
2079461839,114,4
1797031138,57,0
1866521951,88,1
1777959565,138,1
1819115674,74,0
1747540903,97,0
1810297548,76,4
1954002275,110,0
1878232242,111,2
1831818540,117,1
1758799443,116,4
1773721988,35,1
1782418362,112,1
1780913336,72,1
1744222970,138,2
1868917474,65,1
1937457758,110,1
2102878246,107,4
1884563156,47,1
1862571430,79,1
1876943722,28,2
1987020878,139,2
1898279674,21,4
1864021786,190,4
1850121999,201,2
1861060465,158,4
1725460735,50,2
1878457521,37,4
1859020790,95,1
1736889692,40,1
1809599833,132,3
1876944161,160,4
1850123134,137,2
1780913966,91,1
1793045783,129,3
1878230471,168,4
2046110424,158,1
2083213453,74,2
1789814282,144,1
1838652177,175,4
1842385994,175,1
1811579210,95,1
1861753963,93,1
1733519851,184,1
1833399343,295,4
1943672033,151,4
1832833540,166,4
1723219807,145,1
1818891504,41,4
1869057338,127,1
1736979343,60,1
1778568486,131,1
1724480653,175,1
1885894945,116,3
1731645262,177,3
2051381724,63,1
1848677562,229,1
1848676456,234,1
2097330571,190,4
1852274869,152,2
1834872805,59,1
1937281991,93,0
1720901351,76,0
1861060889,132,4
1819115678,66,1
2095595542,128,2
2135530172,366,2
1861060234,121,1
1819115391,194,4
1949437887,94,1
1943672953,35,2
2100199430,119,3
2010515681,172,1
1780915195,74,0
1937457389,112,2
1733520806,161,1
1778569089,80,2
1852520403,39,0
1770708941,195,4
1832340490,187,1
1859020811,235,1
1920544659,172,1
2045815189,186,3
1878232255,70,0
1780915016,220,4
2099808998,97,2
1741177223,173,4
2019366605,186,1
1884578217,155,3
1822446109,64,1
1937281733,226,1
1724483880,142,2
1723553550,142,1
2088962226,63,0
1742586952,147,1
1918101299,101,0
1778780263,211,1
1795643608,125,0
1778781306,215,1
1770728307,177,1
1762929017,89,2
1747542159,66,4
1866314277,190,1
1774745971,115,3
1780914770,54,2
1829418714,119,1
1733519077,90,1
1809599373,180,3
1912513338,133,2
2088962095,56,1
1863755639,190,2
1876944727,240,4
1988859396,122,1
1830177921,75,4
1838653343,189,1
1943671770,266,1
1741178474,211,4
1774745563,133,1
1809600032,60,0
1840065878,93,4
2100004159,149,4
2106036118,70,2
1912513322,76,0
1865228195,42,1
1778782163,104,2
1832461148,66,4
1759922191,247,4
1917024055,165,4
1795644057,111,1
1987021783,390,1
1877317581,127,3
1759873969,193,4
1733150945,75,4
1733521065,182,4
1822446290,167,4
1838653240,115,3
2092408859,94,1
1853471585,130,1
1874329619,49,1
1817220757,72,2
1773520046,117,1
1778781938,33,3
1982624152,36,4
1725705829,59,4
1866315325,85,1
1742407120,131,1
1774746619,122,0
1758799839,89,0
2046111036,44,0
1976590562,113,4
1865226652,107,2
1852275236,40,4
1960316346,39,4
2098590762,73,3
1878232181,234,2
1744223019,90,2
1827936538,213,4
2045814160,50,0
2045813221,213,1
1865228253,136,2
1767071511,136,1
1949436764,57,2
2088961496,103,4
1733178650,104,3
1868623599,235,1
1762937135,94,2
1781704170,97,1
2080789743,69,4
1876944703,31,2
1774744645,99,4
2044595843,133,3
1830582438,208,4
1830178181,62,0
1772936447,217,1
1918282145,160,4
1973244800,100,1
1911882438,127,1
2097510372,107,1
1973244856,69,2
1766249348,66,1
1795644236,163,4
2120719574,80,3
2019659777,74,3
1809993151,98,1
2099524872,141,1
1867116838,98,1
2044595197,160,2
1762928284,107,1
1771814667,99,3
2087628179,175,4
1832339772,124,1
1789945271,73,3
1922677440,122,1
1731647353,88,2
1789945116,139,1
1742279784,181,4
1960315979,140,1
2079461809,292,1
2098737077,173,2
1961652135,247,1
1806298804,24,3
1744272538,135,2
1970288649,33,2
2097099514,90,0
1874452807,126,1
2093873830,118,1
2070100064,207,4
1839724978,79,3
1832489117,50,4
1770728268,119,1
2105701292,119,2
2090215197,105,1
1795645434,52,2
1770728673,180,1
1813546399,30,2
1791617468,49,2
2097331040,143,1
1895909272,75,1
1982623449,108,3
1872862666,94,0
2044596051,165,1
1918100809,214,2
1961652298,110,1
2135529969,202,4
1852275377,75,1
1874330269,106,1
1912512952,141,2
1725460962,145,2
1734633207,99,1
1835513547,26,2
1898279417,69,3
2088098572,152,1
1777958578,154,1
1972298296,146,4
1736979116,221,4
2083214763,153,2
1833401193,72,0
1737695075,322,1
1832490163,49,4
1874453023,99,2
2090215015,110,1
1822447807,259,4
1918101112,57,1
1806298570,124,3
2088098341,156,4
1848628056,121,1
1877224912,68,0
1740059874,73,4
1780914818,210,2
1829417491,48,2
2019658564,59,3
1782419044,118,1
1838653507,149,2
1723553808,109,1
1973245230,95,1
1731646876,91,1
1770383172,76,0
1861059676,121,1
1827752735,160,4
1795643545,246,1
1918282192,88,1
1809599299,123,4
1848628063,122,1
2089509239,103,3
2097701845,328,1
1917024060,46,0
2091331021,130,1
1723219251,211,4
1771812795,167,4
1766248691,190,3
2091575006,80,3
1838652493,33,2
1770672151,37,2
1848626887,60,0
1770382444,66,2
2044104996,107,1
1877012720,49,0
1982623103,75,2
1772938218,115,2
2098589763,112,4
1829418680,125,3
2105261820,116,2
1793045634,233,4
1809992647,102,4
2010516429,66,0
2003835211,171,2
1778781654,160,4
1830179270,45,2
1759922086,95,0
1794259121,72,4
1819114509,170,4
1801325571,89,3
1937458189,58,2
1725460505,190,2
1917024420,42,0
1831817619,112,1
1873069503,99,4
2097099184,145,4
2105261246,192,1
1917023769,138,2
1772169470,92,4
1920544531,181,1
1954001553,73,0
1793046010,44,2
1770707616,261,4
1811580563,38,0
1733150875,93,3
1861753404,38,0
1734135704,256,1
2106036826,146,1
1762929111,277,4
1840065121,102,0
1822448022,92,2
1850122383,171,1
1853471902,52,3
2100199589,246,4
1789814663,35,2
2100003970,139,1
1937902498,68,2
1911882265,77,3
2005596323,152,1
1863571066,84,2
1917024665,98,2
1758799670,84,4
1829419055,78,1
1773519761,63,1
2097098997,193,3
1778567792,130,4
1795644977,214,4
1759875095,134,2
1723554811,81,1
1762929403,129,1
1797029305,84,4
2097331661,107,4
1912513357,197,1
1884563100,50,2
1881961114,70,0
1860160073,60,0
1899868992,43,0
2097702927,183,1
1866522042,81,2
1832834837,7,2
1793047036,61,4
1758800267,90,1
1733519649,123,1
1832340699,54,0
1832835324,182,1
2093874286,204,4
1780913388,93,1
1781663059,233,1
1886314290,198,1
1863755646,154,0
2083213273,106,1
1720969310,282,1
2088962650,137,0
1869055884,54,4
2100200261,73,0
1771813200,36,3
1881926686,152,2
1771814615,117,1
1835172346,205,1
1988858229,220,2
2092409086,96,1
1868918388,83,3
1766249294,40,3
1822447622,140,4
2100200014,29,4
1832229815,84,4
1822958269,105,1
2098589405,303,1
1759886440,90,2
1839724357,33,4
1922676303,65,1
2100200322,159,1
2093874860,131,1
1806298627,71,2
1789945590,112,3
1881926513,98,1
1791371002,63,0
1860160245,236,1
1911883449,234,4
2093874381,87,1
1868880567,212,4
1795644834,172,4
1791273022,52,2
2080814864,113,2
2091330004,143,3
1877373054,78,3
1867116096,92,0
1771813413,284,1
1791618556,166,1
1724483966,30,2
2087629172,79,2
1772169025,120,1
1734632430,82,1
1909509582,108,2
1794257849,127,2
1920544210,66,3
1878457385,34,2
1764769955,67,3
1724481805,126,2
2105075117,339,1
1772169681,188,1
1884738804,129,0
1878231288,223,4
1791181875,41,0
2019367843,68,2
1770707449,50,1
1723553756,96,0
1742279475,150,1
1856753501,156,4
2097701440,50,2
2083214295,125,3
1832460575,172,0
1886314644,58,0
1780914147,88,0
1878232036,58,2
1937459057,102,3
1859020637,104,3
2099946221,167,4
1742587279,79,4
1928245920,185,1
1868462487,39,3
1870858983,134,4
1810758833,33,1
1872860847,77,4
1877371420,34,2
1856754078,195,1
1810298107,76,2
1781704593,10,2
1909509214,90,1
1885895271,114,4
1736979963,151,4
1744224469,253,1
1774745707,208,2
1764770042,197,4
1863756654,145,0
1868624802,70,3
1791181415,101,2
1741178131,22,2
1873069416,146,4
1736889229,165,1
1868624144,180,1
1833400517,206,4
1848627598,164,2
2099944850,91,3
1973244585,106,4
1909509843,91,3
1873069374,33,2
1871239567,31,2
1954001788,112,0
1850121981,48,2
1737694039,103,2
1868917911,13,2
1759874593,316,4
2091338107,144,2
1895909509,89,0
1886314714,182,2
2090598885,201,4
1793045694,55,1
1808261319,100,0
2099524369,110,4
1742587041,89,2
2079461935,37,0
2010517039,116,2
1781663946,55,1
1874453239,63,0
1791273930,84,1
2100200542,39,4
1867115811,201,1
1937901775,102,2
1759887046,89,3
1884564073,54,2
2090216227,135,2
1773518468,267,1
1866316209,70,3
2079461123,85,4
1871980605,145,1
1760588481,166,3
2097510222,100,0
1791181279,251,2
2051382914,208,4
1811580841,176,2
1912513396,93,0
1970289253,266,1
2097702328,88,1
1770708777,203,4
2102877232,117,0
1778257756,127,1
1811580361,181,4
1863756701,195,4
1782419117,77,1
1881961506,265,1
2005597000,72,4
1839724872,120,3
1835297593,62,1
2099945880,59,4
1791372727,88,0
1862571820,102,2
2088097797,156,1
1868624178,162,1
1848676672,92,4
1935500760,116,4
1741176863,33,2
1839724129,107,3
1781703785,171,1
1832339547,19,4
1821612290,132,3
1937457514,122,1
2099810296,68,2
1770383534,87,4
1861059473,97,1
1733519947,54,4
1831819006,35,2
1724478245,223,3
1884739594,86,2
1736892584,23,2
1877224978,27,0
1790031763,132,3
1972298392,57,2
2080815285,85,2
1734633761,49,0
1871979871,109,4
2019658872,64,0
1734134604,252,2
1909510362,109,0
2090216778,110,1
1809599903,118,1
2100199385,139,2
1876945201,105,1
1822959780,177,1
1954001445,107,1
1734134432,203,2
1790031261,104,4
1832489313,93,3
2099810844,47,0
1729534088,98,1
1829896766,192,4
1780914067,125,2
1791617396,202,4
2003835076,75,2
1863570837,185,4
1773721084,212,2
1922677863,52,2
2100004135,24,4
2051381865,203,4
1766249714,163,4
1937282454,22,3
2010516648,274,1
1853471482,61,2
1850338858,153,1
1744273043,59,1
1811581165,19,2
1835513759,217,1
1850122188,170,4
2091330474,151,1
2088097601,243,1
1873069500,84,4
