,ac_milan_1,ac_milan_2,ac_milan_3,ac_milan_4,ac_milan_Keeper1,ac_milan_Keeper2,ac_milan_Keeper3,ac_milan_Keeper4,atalanta_1,atalanta_2,atalanta_3,atalanta_Keeper1,atalanta_Keeper2,atalanta_Keeper3,bologna_1,bologna_2,bologna_3,bologna_Keeper2,bologna_Keeper3,bologna_Keeper4,cagliari_1,cagliari_2,cagliari_3,cagliari_Keeper1,cagliari_Keeper2,empoli_1,empoli_2,empoli_3,empoli_Keeper1,empoli_Keeper2,empoli_Keeper3,empoli_Keeper5,empoli_Keeper6,fiorentina_1,fiorentina_2,fiorentina_3,fiorentina_Keeper1,fiorentina_Keeper2,fiorentina_Keeper3,frosinone_1,frosinone_2,frosinone_3,frosinone_Keeper1,frosinone_Keeper3,frosinone_Keeper4,genoa_1,genoa_2,genoa_3,genoa_Keeper1,genoa_Keeper2,genoa_Keeper3,inter_milan_1,inter_milan_2,inter_milan_3,inter_milan_Keeper1,inter_milan_Keeper2,inter_milan_Keeper3,inter_milan_Keeper4,juventus_1,juventus_2,juventus_3,juventus_Keeper1,juventus_Keeper2,juventus_Keeper3,lazio_1,lazio_2,lazio_3,lazio_Keeper1,lazio_Keeper2,lazio_Keeper3,lecce_1,lecce_2,lecce_3,lecce_Keeper1,lecce_Keeper2,lecce_Keeper3,lecce_Keeper4,monza_1,monza_2,monza_3,monza_Keeper1,monza_Keeper2,monza_Keeper3,monza_Keeper4,monza_Keeper5,napoli_1,napoli_2,napoli_3,napoli_Keeper2,napoli_Keeper3,napoli_Keeper4,referee_1,referee_2,referee_3,referee_4,roma_1,roma_2,roma_3,roma_Keeper1,roma_Keeper2,roma_Keeper3,salernitana_1,salernitana_2,salernitana_3,salernitana_Keeper2,salernitana_Keeper3,salernitana_Keeper4,sassuolo_1,sassuolo_2,sassuolo_3,sassuolo_Keeper1,sassuolo_Keeper2,sassuolo_Keeper3,sassuolo_Keeper4,torino_1,torino_2,torino_Keeper1,torino_Keeper2,torino_Keeper3,udinese_1,udinese_2,udinese_3,udinese_Keeper1,udinese_Keeper2,udinese_Keeper3,verona_1,verona_2,verona_3,verona_4,verona_Keeper1,verona_Keeper2,verona_Keeper3
ac_milan_1,0.0,1.0,1.0,1.0,1.0,1.0,1.0,1.0,1.0,1.0,0.3,1.0,1.0,1.0,1.0,1.0,1.0,1.0,1.0,1.0,1.0,1.0,1.0,1.0,1.0,1.0,1.0,1.0,1.0,1.0,1.0,1.0,1.0,1.0,1.0,1.0,1.0,1.0,1.0,1.0,1.0,1.0,1.0,1.0,1.0,1.0,1.0,1.0,1.0,1.0,1.0,1.0,1.0,1.0,1.0,1.0,1.0,1.0,1.0,1.0,1.0,1.0,1.0,1.0,1.0,1.0,1.0,1.0,1.0,1.0,1.0,1.0,0.3,1.0,1.0,1.0,1.0,0.3,1.0,1.0,1.0,1.0,1.0,0.3,1.0,1.0,1.0,1.0,1.0,1.0,1.0,1.0,1.0,1.0,1.0,0.3,1.0,1.0,1.0,1.0,1.0,0.3,1.0,1.0,1.0,1.0,1.0,1.0,1.0,1.0,1.0,1.0,1.0,1.0,0.3,1.0,1.0,1.0,1.0,1.0,1.0,1.0,1.0,1.0,1.0,1.0,1.0,1.0,1.0,1.0,1.0,1.0
ac_milan_2,1.0,0.0,1.0,1.0,1.0,1.0,1.0,0.3,1.0,0.3,1.0,1.0,1.0,1.0,1.0,0.3,0.3,1.0,1.0,1.0,1.0,0.3,1.0,1.0,1.0,1.0,0.3,1.0,1.0,1.0,0.3,1.0,1.0,1.0,0.3,1.0,1.0,1.0,1.0,1.0,0.3,1.0,1.0,1.0,1.0,1.0,0.3,1.0,1.0,1.0,1.0,1.0,0.3,1.0,1.0,1.0,1.0,1.0,0.3,0.3,1.0,1.0,1.0,1.0,1.0,1.0,0.3,1.0,1.0,1.0,1.0,0.3,1.0,1.0,1.0,1.0,1.0,1.0,0.3,1.0,1.0,1.0,0.3,1.0,1.0,1.0,0.3,1.0,1.0,1.0,1.0,1.0,1.0,1.0,1.0,1.0,0.3,1.0,1.0,1.0,1.0,1.0,0.3,1.0,1.0,1.0,1.0,1.0,0.3,1.0,1.0,1.0,0.3,1.0,1.0,0.3,1.0,1.0,1.0,0.3,1.0,1.0,1.0,1.0,1.0,1.0,1.0,0.3,1.0,1.0,1.0,1.0
ac_milan_3,1.0,1.0,0.0,1.0,1.0,1.0,1.0,1.0,1.0,1.0,1.0,1.0,1.0,1.0,1.0,1.0,1.0,1.0,1.0,1.0,1.0,1.0,1.0,1.0,1.0,1.0,1.0,1.0,1.0,1.0,1.0,1.0,1.0,0.3,1.0,1.0,1.0,1.0,1.0,1.0,1.0,1.0,1.0,0.3,1.0,1.0,1.0,1.0,1.0,1.0,1.0,1.0,1.0,1.0,1.0,1.0,1.0,1.0,1.0,1.0,1.0,1.0,1.0,1.0,1.0,1.0,1.0,1.0,1.0,1.0,1.0,1.0,1.0,1.0,1.0,1.0,1.0,1.0,1.0,1.0,1.0,1.0,1.0,1.0,1.0,1.0,1.0,1.0,1.0,1.0,1.0,1.0,1.0,1.0,1.0,1.0,1.0,1.0,1.0,1.0,1.0,1.0,1.0,1.0,1.0,1.0,1.0,1.0,1.0,1.0,1.0,1.0,1.0,1.0,1.0,1.0,1.0,1.0,1.0,1.0,1.0,1.0,1.0,1.0,1.0,1.0,1.0,1.0,1.0,1.0,1.0,1.0
ac_milan_4,1.0,1.0,1.0,0.0,1.0,1.0,0.3,1.0,1.0,1.0,1.0,1.0,1.0,1.0,1.0,1.0,1.0,1.0,1.0,0.3,1.0,1.0,0.3,1.0,1.0,1.0,1.0,0.3,1.0,1.0,1.0,0.3,1.0,1.0,1.0,1.0,1.0,1.0,1.0,1.0,1.0,1.0,1.0,1.0,1.0,1.0,1.0,1.0,1.0,1.0,1.0,1.0,1.0,1.0,1.0,1.0,0.3,1.0,1.0,1.0,0.3,1.0,1.0,1.0,1.0,0.3,1.0,0.3,1.0,1.0,1.0,1.0,1.0,0.3,1.0,1.0,1.0,1.0,1.0,0.3,1.0,0.3,1.0,1.0,1.0,1.0,1.0,0.3,1.0,1.0,0.3,0.3,1.0,1.0,1.0,1.0,1.0,0.3,1.0,1.0,1.0,1.0,1.0,0.3,1.0,1.0,1.0,1.0,1.0,1.0,1.0,1.0,1.0,1.0,1.0,1.0,1.0,1.0,0.3,1.0,1.0,0.3,1.0,1.0,1.0,1.0,1.0,1.0,0.3,1.0,0.3,1.0
ac_milan_Keeper1,1.0,1.0,1.0,1.0,0.0,1.0,1.0,1.0,1.0,1.0,1.0,1.0,1.0,0.3,1.0,1.0,1.0,1.0,0.3,1.0,1.0,1.0,1.0,1.0,0.3,1.0,1.0,1.0,1.0,1.0,1.0,1.0,1.0,1.0,1.0,1.0,1.0,0.3,1.0,1.0,1.0,1.0,0.3,1.0,1.0,1.0,1.0,1.0,1.0,1.0,1.0,1.0,1.0,1.0,1.0,0.3,1.0,1.0,1.0,1.0,1.0,1.0,1.0,0.3,1.0,1.0,1.0,1.0,1.0,1.0,1.0,1.0,1.0,1.0,1.0,1.0,1.0,1.0,1.0,1.0,1.0,1.0,1.0,1.0,1.0,1.0,1.0,1.0,1.0,1.0,1.0,1.0,1.0,1.0,1.0,1.0,1.0,1.0,1.0,0.3,1.0,1.0,1.0,1.0,1.0,1.0,1.0,0.3,1.0,1.0,1.0,1.0,1.0,1.0,1.0,1.0,1.0,0.3,1.0,1.0,1.0,1.0,0.3,1.0,1.0,1.0,1.0,1.0,1.0,0.3,1.0,1.0
ac_milan_Keeper2,1.0,1.0,1.0,1.0,1.0,0.0,1.0,1.0,1.0,1.0,1.0,1.0,0.3,1.0,1.0,1.0,1.0,0.3,1.0,1.0,1.0,1.0,1.0,1.0,1.0,1.0,1.0,1.0,1.0,0.3,1.0,1.0,1.0,1.0,1.0,1.0,0.3,1.0,1.0,1.0,1.0,1.0,1.0,1.0,0.3,1.0,1.0,1.0,1.0,1.0,1.0,1.0,1.0,0.3,0.3,1.0,1.0,1.0,1.0,1.0,1.0,1.0,0.3,1.0,1.0,1.0,1.0,1.0,0.3,1.0,1.0,1.0,1.0,1.0,1.0,1.0,1.0,1.0,1.0,1.0,1.0,1.0,1.0,1.0,1.0,1.0,1.0,1.0,1.0,0.3,1.0,1.0,1.0,0.3,1.0,1.0,1.0,1.0,1.0,1.0,1.0,1.0,1.0,1.0,1.0,1.0,1.0,1.0,1.0,1.0,1.0,0.3,1.0,1.0,1.0,1.0,0.3,1.0,1.0,1.0,1.0,1.0,1.0,1.0,1.0,1.0,1.0,1.0,1.0,1.0,1.0,1.0
ac_milan_Keeper3,1.0,1.0,1.0,0.3,1.0,1.0,0.0,1.0,1.0,1.0,1.0,1.0,1.0,1.0,1.0,1.0,1.0,1.0,1.0,0.3,1.0,1.0,0.3,1.0,1.0,1.0,1.0,0.3,1.0,1.0,1.0,0.3,1.0,1.0,1.0,1.0,1.0,1.0,1.0,1.0,1.0,1.0,1.0,1.0,1.0,1.0,1.0,1.0,1.0,1.0,1.0,1.0,1.0,1.0,1.0,1.0,0.3,1.0,1.0,1.0,0.3,1.0,1.0,1.0,1.0,0.3,1.0,0.3,1.0,1.0,1.0,1.0,1.0,0.3,1.0,1.0,1.0,1.0,1.0,0.3,1.0,0.3,1.0,1.0,1.0,1.0,1.0,0.3,1.0,1.0,0.3,0.3,1.0,1.0,1.0,1.0,1.0,0.3,1.0,1.0,1.0,1.0,1.0,0.3,1.0,1.0,1.0,1.0,1.0,1.0,1.0,1.0,1.0,1.0,1.0,1.0,1.0,1.0,0.3,1.0,1.0,0.3,1.0,1.0,1.0,1.0,1.0,1.0,0.3,1.0,0.3,1.0
ac_milan_Keeper4,1.0,0.3,1.0,1.0,1.0,1.0,1.0,0.0,1.0,0.3,1.0,1.0,1.0,1.0,1.0,0.3,0.3,1.0,1.0,1.0,1.0,0.3,1.0,1.0,1.0,1.0,0.3,1.0,1.0,1.0,0.3,1.0,1.0,1.0,0.3,1.0,1.0,1.0,1.0,1.0,0.3,1.0,1.0,1.0,1.0,1.0,0.3,1.0,1.0,1.0,1.0,1.0,0.3,1.0,1.0,1.0,1.0,1.0,0.3,0.3,1.0,1.0,1.0,1.0,1.0,1.0,0.3,1.0,1.0,1.0,1.0,0.3,1.0,1.0,1.0,1.0,1.0,1.0,0.3,1.0,1.0,1.0,0.3,1.0,1.0,1.0,0.3,1.0,1.0,1.0,1.0,1.0,1.0,1.0,1.0,1.0,0.3,1.0,1.0,1.0,1.0,1.0,0.3,1.0,1.0,1.0,1.0,1.0,0.3,1.0,1.0,1.0,0.3,1.0,1.0,0.3,1.0,1.0,1.0,0.3,1.0,1.0,1.0,1.0,1.0,1.0,1.0,0.3,1.0,1.0,1.0,1.0
atalanta_1,1.0,1.0,1.0,1.0,1.0,1.0,1.0,1.0,0.0,1.0,1.0,1.0,1.0,1.0,1.0,1.0,1.0,1.0,1.0,1.0,1.0,1.0,1.0,0.3,1.0,0.3,1.0,1.0,1.0,1.0,1.0,1.0,1.0,1.0,1.0,0.3,1.0,1.0,0.3,1.0,1.0,1.0,1.0,1.0,1.0,1.0,1.0,1.0,0.3,1.0,1.0,0.3,1.0,1.0,1.0,1.0,1.0,0.3,1.0,1.0,1.0,0.3,1.0,1.0,0.3,1.0,1.0,1.0,1.0,1.0,1.0,1.0,1.0,1.0,0.3,1.0,1.0,1.0,1.0,1.0,1.0,1.0,1.0,1.0,0.3,0.3,1.0,1.0,1.0,1.0,1.0,1.0,1.0,1.0,0.3,1.0,1.0,1.0,1.0,1.0,0.3,1.0,1.0,1.0,1.0,0.3,1.0,1.0,1.0,1.0,0.3,1.0,1.0,1.0,1.0,1.0,1.0,1.0,1.0,1.0,1.0,1.0,1.0,1.0,1.0,0.3,1.0,1.0,1.0,1.0,1.0,1.0
atalanta_2,1.0,0.3,1.0,1.0,1.0,1.0,1.0,0.3,1.0,0.0,1.0,1.0,1.0,1.0,1.0,0.3,0.3,1.0,1.0,1.0,1.0,0.3,1.0,1.0,1.0,1.0,0.3,1.0,1.0,1.0,0.3,1.0,1.0,1.0,0.3,1.0,1.0,1.0,1.0,1.0,0.3,1.0,1.0,1.0,1.0,1.0,0.3,1.0,1.0,1.0,1.0,1.0,0.3,1.0,1.0,1.0,1.0,1.0,0.3,0.3,1.0,1.0,1.0,1.0,1.0,1.0,0.3,1.0,1.0,1.0,1.0,0.3,1.0,1.0,1.0,1.0,1.0,1.0,0.3,1.0,1.0,1.0,0.3,1.0,1.0,1.0,0.3,1.0,1.0,1.0,1.0,1.0,1.0,1.0,1.0,1.0,0.3,1.0,1.0,1.0,1.0,1.0,0.3,1.0,1.0,1.0,1.0,1.0,0.3,1.0,1.0,1.0,0.3,1.0,1.0,0.3,1.0,1.0,1.0,0.3,1.0,1.0,1.0,1.0,1.0,1.0,1.0,0.3,1.0,1.0,1.0,1.0
atalanta_3,0.3,1.0,1.0,1.0,1.0,1.0,1.0,1.0,1.0,1.0,0.0,1.0,1.0,1.0,1.0,1.0,1.0,1.0,1.0,1.0,1.0,1.0,1.0,1.0,1.0,1.0,1.0,1.0,1.0,1.0,1.0,1.0,1.0,1.0,1.0,1.0,1.0,1.0,1.0,1.0,1.0,1.0,1.0,1.0,1.0,1.0,1.0,1.0,1.0,1.0,1.0,1.0,1.0,1.0,1.0,1.0,1.0,1.0,1.0,1.0,1.0,1.0,1.0,1.0,1.0,1.0,1.0,1.0,1.0,1.0,1.0,1.0,0.3,1.0,1.0,1.0,1.0,0.3,1.0,1.0,1.0,1.0,1.0,0.3,1.0,1.0,1.0,1.0,1.0,1.0,1.0,1.0,1.0,1.0,1.0,0.3,1.0,1.0,1.0,1.0,1.0,0.3,1.0,1.0,1.0,1.0,1.0,1.0,1.0,1.0,1.0,1.0,1.0,1.0,0.3,1.0,1.0,1.0,1.0,1.0,1.0,1.0,1.0,1.0,1.0,1.0,1.0,1.0,1.0,1.0,1.0,1.0
atalanta_Keeper1,1.0,1.0,1.0,1.0,1.0,1.0,1.0,1.0,1.0,1.0,1.0,0.0,1.0,1.0,1.0,1.0,1.0,1.0,1.0,1.0,1.0,1.0,1.0,1.0,1.0,1.0,1.0,1.0,0.3,1.0,1.0,1.0,1.0,1.0,1.0,1.0,1.0,1.0,1.0,0.3,1.0,1.0,1.0,1.0,1.0,1.0,1.0,0.3,1.0,0.3,0.3,1.0,1.0,1.0,1.0,1.0,1.0,1.0,1.0,1.0,1.0,1.0,1.0,1.0,1.0,1.0,1.0,1.0,1.0,0.3,0.3,1.0,1.0,1.0,1.0,0.3,1.0,1.0,1.0,1.0,0.3,1.0,1.0,1.0,1.0,1.0,1.0,1.0,0.3,1.0,1.0,1.0,0.3,1.0,1.0,1.0,1.0,1.0,0.3,1.0,1.0,1.0,1.0,1.0,0.3,1.0,1.0,1.0,1.0,0.3,1.0,1.0,1.0,0.3,1.0,1.0,1.0,1.0,1.0,1.0,1.0,1.0,1.0,1.0,1.0,1.0,0.3,1.0,1.0,1.0,1.0,1.0
atalanta_Keeper2,1.0,1.0,1.0,1.0,1.0,0.3,1.0,1.0,1.0,1.0,1.0,1.0,0.0,1.0,1.0,1.0,1.0,0.3,1.0,1.0,1.0,1.0,1.0,1.0,1.0,1.0,1.0,1.0,1.0,0.3,1.0,1.0,1.0,1.0,1.0,1.0,0.3,1.0,1.0,1.0,1.0,1.0,1.0,1.0,0.3,1.0,1.0,1.0,1.0,1.0,1.0,1.0,1.0,0.3,0.3,1.0,1.0,1.0,1.0,1.0,1.0,1.0,0.3,1.0,1.0,1.0,1.0,1.0,0.3,1.0,1.0,1.0,1.0,1.0,1.0,1.0,1.0,1.0,1.0,1.0,1.0,1.0,1.0,1.0,1.0,1.0,1.0,1.0,1.0,0.3,1.0,1.0,1.0,0.3,1.0,1.0,1.0,1.0,1.0,1.0,1.0,1.0,1.0,1.0,1.0,1.0,1.0,1.0,1.0,1.0,1.0,0.3,1.0,1.0,1.0,1.0,0.3,1.0,1.0,1.0,1.0,1.0,1.0,1.0,1.0,1.0,1.0,1.0,1.0,1.0,1.0,1.0
atalanta_Keeper3,1.0,1.0,1.0,1.0,0.3,1.0,1.0,1.0,1.0,1.0,1.0,1.0,1.0,0.0,1.0,1.0,1.0,1.0,0.3,1.0,1.0,1.0,1.0,1.0,0.3,1.0,1.0,1.0,1.0,1.0,1.0,1.0,1.0,1.0,1.0,1.0,1.0,0.3,1.0,1.0,1.0,1.0,0.3,1.0,1.0,1.0,1.0,1.0,1.0,1.0,1.0,1.0,1.0,1.0,1.0,0.3,1.0,1.0,1.0,1.0,1.0,1.0,1.0,0.3,1.0,1.0,1.0,1.0,1.0,1.0,1.0,1.0,1.0,1.0,1.0,1.0,1.0,1.0,1.0,1.0,1.0,1.0,1.0,1.0,1.0,1.0,1.0,1.0,1.0,1.0,1.0,1.0,1.0,1.0,1.0,1.0,1.0,1.0,1.0,0.3,1.0,1.0,1.0,1.0,1.0,1.0,1.0,0.3,1.0,1.0,1.0,1.0,1.0,1.0,1.0,1.0,1.0,0.3,1.0,1.0,1.0,1.0,0.3,1.0,1.0,1.0,1.0,1.0,1.0,0.3,1.0,1.0
bologna_1,1.0,1.0,1.0,1.0,1.0,1.0,1.0,1.0,1.0,1.0,1.0,1.0,1.0,1.0,0.0,1.0,1.0,1.0,1.0,1.0,0.3,1.0,1.0,1.0,1.0,1.0,1.0,1.0,1.0,1.0,1.0,1.0,1.0,1.0,1.0,1.0,1.0,1.0,1.0,1.0,1.0,1.0,1.0,1.0,1.0,0.3,1.0,1.0,1.0,1.0,1.0,1.0,1.0,1.0,1.0,1.0,1.0,1.0,1.0,1.0,1.0,1.0,1.0,1.0,1.0,1.0,1.0,1.0,1.0,1.0,1.0,1.0,1.0,1.0,1.0,1.0,1.0,1.0,1.0,1.0,1.0,1.0,1.0,1.0,1.0,1.0,1.0,1.0,1.0,1.0,1.0,1.0,1.0,1.0,1.0,1.0,1.0,1.0,1.0,1.0,1.0,1.0,1.0,1.0,1.0,1.0,1.0,1.0,1.0,1.0,1.0,1.0,1.0,1.0,1.0,1.0,1.0,1.0,1.0,1.0,1.0,1.0,1.0,1.0,1.0,1.0,1.0,1.0,1.0,1.0,1.0,1.0
bologna_2,1.0,0.3,1.0,1.0,1.0,1.0,1.0,0.3,1.0,0.3,1.0,1.0,1.0,1.0,1.0,0.0,0.3,1.0,1.0,1.0,1.0,0.3,1.0,1.0,1.0,1.0,0.3,1.0,1.0,1.0,0.3,1.0,1.0,1.0,0.3,1.0,1.0,1.0,1.0,1.0,0.3,1.0,1.0,1.0,1.0,1.0,0.3,1.0,1.0,1.0,1.0,1.0,0.3,1.0,1.0,1.0,1.0,1.0,0.3,0.3,1.0,1.0,1.0,1.0,1.0,1.0,0.3,1.0,1.0,1.0,1.0,0.3,1.0,1.0,1.0,1.0,1.0,1.0,0.3,1.0,1.0,1.0,0.3,1.0,1.0,1.0,0.3,1.0,1.0,1.0,1.0,1.0,1.0,1.0,1.0,1.0,0.3,1.0,1.0,1.0,1.0,1.0,0.3,1.0,1.0,1.0,1.0,1.0,0.3,1.0,1.0,1.0,0.3,1.0,1.0,0.3,1.0,1.0,1.0,0.3,1.0,1.0,1.0,1.0,1.0,1.0,1.0,0.3,1.0,1.0,1.0,1.0
bologna_3,1.0,0.3,1.0,1.0,1.0,1.0,1.0,0.3,1.0,0.3,1.0,1.0,1.0,1.0,1.0,0.3,0.0,1.0,1.0,1.0,1.0,0.3,1.0,1.0,1.0,1.0,0.3,1.0,1.0,1.0,0.3,1.0,1.0,1.0,0.3,1.0,1.0,1.0,1.0,1.0,0.3,1.0,1.0,1.0,1.0,1.0,0.3,1.0,1.0,1.0,1.0,1.0,0.3,1.0,1.0,1.0,1.0,1.0,0.3,0.3,1.0,1.0,1.0,1.0,1.0,1.0,0.3,1.0,1.0,1.0,1.0,0.3,1.0,1.0,1.0,1.0,1.0,1.0,0.3,1.0,1.0,1.0,0.3,1.0,1.0,1.0,0.3,1.0,1.0,1.0,1.0,1.0,1.0,1.0,1.0,1.0,0.3,1.0,1.0,1.0,1.0,1.0,0.3,1.0,1.0,1.0,1.0,1.0,0.3,1.0,1.0,1.0,0.3,1.0,1.0,0.3,1.0,1.0,1.0,0.3,1.0,1.0,1.0,1.0,1.0,1.0,1.0,0.3,1.0,1.0,1.0,1.0
bologna_Keeper2,1.0,1.0,1.0,1.0,1.0,0.3,1.0,1.0,1.0,1.0,1.0,1.0,0.3,1.0,1.0,1.0,1.0,0.0,1.0,1.0,1.0,1.0,1.0,1.0,1.0,1.0,1.0,1.0,1.0,0.3,1.0,1.0,1.0,1.0,1.0,1.0,0.3,1.0,1.0,1.0,1.0,1.0,1.0,1.0,0.3,1.0,1.0,1.0,1.0,1.0,1.0,1.0,1.0,0.3,0.3,1.0,1.0,1.0,1.0,1.0,1.0,1.0,0.3,1.0,1.0,1.0,1.0,1.0,0.3,1.0,1.0,1.0,1.0,1.0,1.0,1.0,1.0,1.0,1.0,1.0,1.0,1.0,1.0,1.0,1.0,1.0,1.0,1.0,1.0,0.3,1.0,1.0,1.0,0.3,1.0,1.0,1.0,1.0,1.0,1.0,1.0,1.0,1.0,1.0,1.0,1.0,1.0,1.0,1.0,1.0,1.0,0.3,1.0,1.0,1.0,1.0,0.3,1.0,1.0,1.0,1.0,1.0,1.0,1.0,1.0,1.0,1.0,1.0,1.0,1.0,1.0,1.0
bologna_Keeper3,1.0,1.0,1.0,1.0,0.3,1.0,1.0,1.0,1.0,1.0,1.0,1.0,1.0,0.3,1.0,1.0,1.0,1.0,0.0,1.0,1.0,1.0,1.0,1.0,0.3,1.0,1.0,1.0,1.0,1.0,1.0,1.0,1.0,1.0,1.0,1.0,1.0,0.3,1.0,1.0,1.0,1.0,0.3,1.0,1.0,1.0,1.0,1.0,1.0,1.0,1.0,1.0,1.0,1.0,1.0,0.3,1.0,1.0,1.0,1.0,1.0,1.0,1.0,0.3,1.0,1.0,1.0,1.0,1.0,1.0,1.0,1.0,1.0,1.0,1.0,1.0,1.0,1.0,1.0,1.0,1.0,1.0,1.0,1.0,1.0,1.0,1.0,1.0,1.0,1.0,1.0,1.0,1.0,1.0,1.0,1.0,1.0,1.0,1.0,0.3,1.0,1.0,1.0,1.0,1.0,1.0,1.0,0.3,1.0,1.0,1.0,1.0,1.0,1.0,1.0,1.0,1.0,0.3,1.0,1.0,1.0,1.0,0.3,1.0,1.0,1.0,1.0,1.0,1.0,0.3,1.0,1.0
bologna_Keeper4,1.0,1.0,1.0,0.3,1.0,1.0,0.3,1.0,1.0,1.0,1.0,1.0,1.0,1.0,1.0,1.0,1.0,1.0,1.0,0.0,1.0,1.0,0.3,1.0,1.0,1.0,1.0,0.3,1.0,1.0,1.0,0.3,1.0,1.0,1.0,1.0,1.0,1.0,1.0,1.0,1.0,1.0,1.0,1.0,1.0,1.0,1.0,1.0,1.0,1.0,1.0,1.0,1.0,1.0,1.0,1.0,0.3,1.0,1.0,1.0,0.3,1.0,1.0,1.0,1.0,0.3,1.0,0.3,1.0,1.0,1.0,1.0,1.0,0.3,1.0,1.0,1.0,1.0,1.0,0.3,1.0,0.3,1.0,1.0,1.0,1.0,1.0,0.3,1.0,1.0,0.3,0.3,1.0,1.0,1.0,1.0,1.0,0.3,1.0,1.0,1.0,1.0,1.0,0.3,1.0,1.0,1.0,1.0,1.0,1.0,1.0,1.0,1.0,1.0,1.0,1.0,1.0,1.0,0.3,1.0,1.0,0.3,1.0,1.0,1.0,1.0,1.0,1.0,0.3,1.0,0.3,1.0
cagliari_1,1.0,1.0,1.0,1.0,1.0,1.0,1.0,1.0,1.0,1.0,1.0,1.0,1.0,1.0,0.3,1.0,1.0,1.0,1.0,1.0,0.0,1.0,1.0,1.0,1.0,1.0,1.0,1.0,1.0,1.0,1.0,1.0,1.0,1.0,1.0,1.0,1.0,1.0,1.0,1.0,1.0,1.0,1.0,1.0,1.0,0.3,1.0,1.0,1.0,1.0,1.0,1.0,1.0,1.0,1.0,1.0,1.0,1.0,1.0,1.0,1.0,1.0,1.0,1.0,1.0,1.0,1.0,1.0,1.0,1.0,1.0,1.0,1.0,1.0,1.0,1.0,1.0,1.0,1.0,1.0,1.0,1.0,1.0,1.0,1.0,1.0,1.0,1.0,1.0,1.0,1.0,1.0,1.0,1.0,1.0,1.0,1.0,1.0,1.0,1.0,1.0,1.0,1.0,1.0,1.0,1.0,1.0,1.0,1.0,1.0,1.0,1.0,1.0,1.0,1.0,1.0,1.0,1.0,1.0,1.0,1.0,1.0,1.0,1.0,1.0,1.0,1.0,1.0,1.0,1.0,1.0,1.0
cagliari_2,1.0,0.3,1.0,1.0,1.0,1.0,1.0,0.3,1.0,0.3,1.0,1.0,1.0,1.0,1.0,0.3,0.3,1.0,1.0,1.0,1.0,0.0,1.0,1.0,1.0,1.0,0.3,1.0,1.0,1.0,0.3,1.0,1.0,1.0,0.3,1.0,1.0,1.0,1.0,1.0,0.3,1.0,1.0,1.0,1.0,1.0,0.3,1.0,1.0,1.0,1.0,1.0,0.3,1.0,1.0,1.0,1.0,1.0,0.3,0.3,1.0,1.0,1.0,1.0,1.0,1.0,0.3,1.0,1.0,1.0,1.0,0.3,1.0,1.0,1.0,1.0,1.0,1.0,0.3,1.0,1.0,1.0,0.3,1.0,1.0,1.0,0.3,1.0,1.0,1.0,1.0,1.0,1.0,1.0,1.0,1.0,0.3,1.0,1.0,1.0,1.0,1.0,0.3,1.0,1.0,1.0,1.0,1.0,0.3,1.0,1.0,1.0,0.3,1.0,1.0,0.3,1.0,1.0,1.0,0.3,1.0,1.0,1.0,1.0,1.0,1.0,1.0,0.3,1.0,1.0,1.0,1.0
cagliari_3,1.0,1.0,1.0,0.3,1.0,1.0,0.3,1.0,1.0,1.0,1.0,1.0,1.0,1.0,1.0,1.0,1.0,1.0,1.0,0.3,1.0,1.0,0.0,1.0,1.0,1.0,1.0,0.3,1.0,1.0,1.0,0.3,1.0,1.0,1.0,1.0,1.0,1.0,1.0,1.0,1.0,1.0,1.0,1.0,1.0,1.0,1.0,1.0,1.0,1.0,1.0,1.0,1.0,1.0,1.0,1.0,0.3,1.0,1.0,1.0,0.3,1.0,1.0,1.0,1.0,0.3,1.0,0.3,1.0,1.0,1.0,1.0,1.0,0.3,1.0,1.0,1.0,1.0,1.0,0.3,1.0,0.3,1.0,1.0,1.0,1.0,1.0,0.3,1.0,1.0,0.3,0.3,1.0,1.0,1.0,1.0,1.0,0.3,1.0,1.0,1.0,1.0,1.0,0.3,1.0,1.0,1.0,1.0,1.0,1.0,1.0,1.0,1.0,1.0,1.0,1.0,1.0,1.0,0.3,1.0,1.0,0.3,1.0,1.0,1.0,1.0,1.0,1.0,0.3,1.0,0.3,1.0
cagliari_Keeper1,1.0,1.0,1.0,1.0,1.0,1.0,1.0,1.0,0.3,1.0,1.0,1.0,1.0,1.0,1.0,1.0,1.0,1.0,1.0,1.0,1.0,1.0,1.0,0.0,1.0,0.3,1.0,1.0,1.0,1.0,1.0,1.0,1.0,1.0,1.0,0.3,1.0,1.0,0.3,1.0,1.0,1.0,1.0,1.0,1.0,1.0,1.0,1.0,0.3,1.0,1.0,0.3,1.0,1.0,1.0,1.0,1.0,0.3,1.0,1.0,1.0,0.3,1.0,1.0,0.3,1.0,1.0,1.0,1.0,1.0,1.0,1.0,1.0,1.0,0.3,1.0,1.0,1.0,1.0,1.0,1.0,1.0,1.0,1.0,0.3,0.3,1.0,1.0,1.0,1.0,1.0,1.0,1.0,1.0,0.3,1.0,1.0,1.0,1.0,1.0,0.3,1.0,1.0,1.0,1.0,0.3,1.0,1.0,1.0,1.0,0.3,1.0,1.0,1.0,1.0,1.0,1.0,1.0,1.0,1.0,1.0,1.0,1.0,1.0,1.0,0.3,1.0,1.0,1.0,1.0,1.0,1.0
cagliari_Keeper2,1.0,1.0,1.0,1.0,0.3,1.0,1.0,1.0,1.0,1.0,1.0,1.0,1.0,0.3,1.0,1.0,1.0,1.0,0.3,1.0,1.0,1.0,1.0,1.0,0.0,1.0,1.0,1.0,1.0,1.0,1.0,1.0,1.0,1.0,1.0,1.0,1.0,0.3,1.0,1.0,1.0,1.0,0.3,1.0,1.0,1.0,1.0,1.0,1.0,1.0,1.0,1.0,1.0,1.0,1.0,0.3,1.0,1.0,1.0,1.0,1.0,1.0,1.0,0.3,1.0,1.0,1.0,1.0,1.0,1.0,1.0,1.0,1.0,1.0,1.0,1.0,1.0,1.0,1.0,1.0,1.0,1.0,1.0,1.0,1.0,1.0,1.0,1.0,1.0,1.0,1.0,1.0,1.0,1.0,1.0,1.0,1.0,1.0,1.0,0.3,1.0,1.0,1.0,1.0,1.0,1.0,1.0,0.3,1.0,1.0,1.0,1.0,1.0,1.0,1.0,1.0,1.0,0.3,1.0,1.0,1.0,1.0,0.3,1.0,1.0,1.0,1.0,1.0,1.0,0.3,1.0,1.0
empoli_1,1.0,1.0,1.0,1.0,1.0,1.0,1.0,1.0,0.3,1.0,1.0,1.0,1.0,1.0,1.0,1.0,1.0,1.0,1.0,1.0,1.0,1.0,1.0,0.3,1.0,0.0,1.0,1.0,1.0,1.0,1.0,1.0,1.0,1.0,1.0,0.3,1.0,1.0,0.3,1.0,1.0,1.0,1.0,1.0,1.0,1.0,1.0,1.0,0.3,1.0,1.0,0.3,1.0,1.0,1.0,1.0,1.0,0.3,1.0,1.0,1.0,0.3,1.0,1.0,0.3,1.0,1.0,1.0,1.0,1.0,1.0,1.0,1.0,1.0,0.3,1.0,1.0,1.0,1.0,1.0,1.0,1.0,1.0,1.0,0.3,0.3,1.0,1.0,1.0,1.0,1.0,1.0,1.0,1.0,0.3,1.0,1.0,1.0,1.0,1.0,0.3,1.0,1.0,1.0,1.0,0.3,1.0,1.0,1.0,1.0,0.3,1.0,1.0,1.0,1.0,1.0,1.0,1.0,1.0,1.0,1.0,1.0,1.0,1.0,1.0,0.3,1.0,1.0,1.0,1.0,1.0,1.0
empoli_2,1.0,0.3,1.0,1.0,1.0,1.0,1.0,0.3,1.0,0.3,1.0,1.0,1.0,1.0,1.0,0.3,0.3,1.0,1.0,1.0,1.0,0.3,1.0,1.0,1.0,1.0,0.0,1.0,1.0,1.0,0.3,1.0,1.0,1.0,0.3,1.0,1.0,1.0,1.0,1.0,0.3,1.0,1.0,1.0,1.0,1.0,0.3,1.0,1.0,1.0,1.0,1.0,0.3,1.0,1.0,1.0,1.0,1.0,0.3,0.3,1.0,1.0,1.0,1.0,1.0,1.0,0.3,1.0,1.0,1.0,1.0,0.3,1.0,1.0,1.0,1.0,1.0,1.0,0.3,1.0,1.0,1.0,0.3,1.0,1.0,1.0,0.3,1.0,1.0,1.0,1.0,1.0,1.0,1.0,1.0,1.0,0.3,1.0,1.0,1.0,1.0,1.0,0.3,1.0,1.0,1.0,1.0,1.0,0.3,1.0,1.0,1.0,0.3,1.0,1.0,0.3,1.0,1.0,1.0,0.3,1.0,1.0,1.0,1.0,1.0,1.0,1.0,0.3,1.0,1.0,1.0,1.0
empoli_3,1.0,1.0,1.0,0.3,1.0,1.0,0.3,1.0,1.0,1.0,1.0,1.0,1.0,1.0,1.0,1.0,1.0,1.0,1.0,0.3,1.0,1.0,0.3,1.0,1.0,1.0,1.0,0.0,1.0,1.0,1.0,0.3,1.0,1.0,1.0,1.0,1.0,1.0,1.0,1.0,1.0,1.0,1.0,1.0,1.0,1.0,1.0,1.0,1.0,1.0,1.0,1.0,1.0,1.0,1.0,1.0,0.3,1.0,1.0,1.0,0.3,1.0,1.0,1.0,1.0,0.3,1.0,0.3,1.0,1.0,1.0,1.0,1.0,0.3,1.0,1.0,1.0,1.0,1.0,0.3,1.0,0.3,1.0,1.0,1.0,1.0,1.0,0.3,1.0,1.0,0.3,0.3,1.0,1.0,1.0,1.0,1.0,0.3,1.0,1.0,1.0,1.0,1.0,0.3,1.0,1.0,1.0,1.0,1.0,1.0,1.0,1.0,1.0,1.0,1.0,1.0,1.0,1.0,0.3,1.0,1.0,0.3,1.0,1.0,1.0,1.0,1.0,1.0,0.3,1.0,0.3,1.0
empoli_Keeper1,1.0,1.0,1.0,1.0,1.0,1.0,1.0,1.0,1.0,1.0,1.0,0.3,1.0,1.0,1.0,1.0,1.0,1.0,1.0,1.0,1.0,1.0,1.0,1.0,1.0,1.0,1.0,1.0,0.0,1.0,1.0,1.0,1.0,1.0,1.0,1.0,1.0,1.0,1.0,0.3,1.0,1.0,1.0,1.0,1.0,1.0,1.0,0.3,1.0,0.3,0.3,1.0,1.0,1.0,1.0,1.0,1.0,1.0,1.0,1.0,1.0,1.0,1.0,1.0,1.0,1.0,1.0,1.0,1.0,0.3,0.3,1.0,1.0,1.0,1.0,0.3,1.0,1.0,1.0,1.0,0.3,1.0,1.0,1.0,1.0,1.0,1.0,1.0,0.3,1.0,1.0,1.0,0.3,1.0,1.0,1.0,1.0,1.0,0.3,1.0,1.0,1.0,1.0,1.0,0.3,1.0,1.0,1.0,1.0,0.3,1.0,1.0,1.0,0.3,1.0,1.0,1.0,1.0,1.0,1.0,1.0,1.0,1.0,1.0,1.0,1.0,0.3,1.0,1.0,1.0,1.0,1.0
empoli_Keeper2,1.0,1.0,1.0,1.0,1.0,0.3,1.0,1.0,1.0,1.0,1.0,1.0,0.3,1.0,1.0,1.0,1.0,0.3,1.0,1.0,1.0,1.0,1.0,1.0,1.0,1.0,1.0,1.0,1.0,0.0,1.0,1.0,1.0,1.0,1.0,1.0,0.3,1.0,1.0,1.0,1.0,1.0,1.0,1.0,0.3,1.0,1.0,1.0,1.0,1.0,1.0,1.0,1.0,0.3,0.3,1.0,1.0,1.0,1.0,1.0,1.0,1.0,0.3,1.0,1.0,1.0,1.0,1.0,0.3,1.0,1.0,1.0,1.0,1.0,1.0,1.0,1.0,1.0,1.0,1.0,1.0,1.0,1.0,1.0,1.0,1.0,1.0,1.0,1.0,0.3,1.0,1.0,1.0,0.3,1.0,1.0,1.0,1.0,1.0,1.0,1.0,1.0,1.0,1.0,1.0,1.0,1.0,1.0,1.0,1.0,1.0,0.3,1.0,1.0,1.0,1.0,0.3,1.0,1.0,1.0,1.0,1.0,1.0,1.0,1.0,1.0,1.0,1.0,1.0,1.0,1.0,1.0
empoli_Keeper3,1.0,0.3,1.0,1.0,1.0,1.0,1.0,0.3,1.0,0.3,1.0,1.0,1.0,1.0,1.0,0.3,0.3,1.0,1.0,1.0,1.0,0.3,1.0,1.0,1.0,1.0,0.3,1.0,1.0,1.0,0.0,1.0,1.0,1.0,0.3,1.0,1.0,1.0,1.0,1.0,0.3,1.0,1.0,1.0,1.0,1.0,0.3,1.0,1.0,1.0,1.0,1.0,0.3,1.0,1.0,1.0,1.0,1.0,0.3,0.3,1.0,1.0,1.0,1.0,1.0,1.0,0.3,1.0,1.0,1.0,1.0,0.3,1.0,1.0,1.0,1.0,1.0,1.0,0.3,1.0,1.0,1.0,0.3,1.0,1.0,1.0,0.3,1.0,1.0,1.0,1.0,1.0,1.0,1.0,1.0,1.0,0.3,1.0,1.0,1.0,1.0,1.0,0.3,1.0,1.0,1.0,1.0,1.0,0.3,1.0,1.0,1.0,0.3,1.0,1.0,0.3,1.0,1.0,1.0,0.3,1.0,1.0,1.0,1.0,1.0,1.0,1.0,0.3,1.0,1.0,1.0,1.0
empoli_Keeper5,1.0,1.0,1.0,0.3,1.0,1.0,0.3,1.0,1.0,1.0,1.0,1.0,1.0,1.0,1.0,1.0,1.0,1.0,1.0,0.3,1.0,1.0,0.3,1.0,1.0,1.0,1.0,0.3,1.0,1.0,1.0,0.0,1.0,1.0,1.0,1.0,1.0,1.0,1.0,1.0,1.0,1.0,1.0,1.0,1.0,1.0,1.0,1.0,1.0,1.0,1.0,1.0,1.0,1.0,1.0,1.0,0.3,1.0,1.0,1.0,0.3,1.0,1.0,1.0,1.0,0.3,1.0,0.3,1.0,1.0,1.0,1.0,1.0,0.3,1.0,1.0,1.0,1.0,1.0,0.3,1.0,0.3,1.0,1.0,1.0,1.0,1.0,0.3,1.0,1.0,0.3,0.3,1.0,1.0,1.0,1.0,1.0,0.3,1.0,1.0,1.0,1.0,1.0,0.3,1.0,1.0,1.0,1.0,1.0,1.0,1.0,1.0,1.0,1.0,1.0,1.0,1.0,1.0,0.3,1.0,1.0,0.3,1.0,1.0,1.0,1.0,1.0,1.0,0.3,1.0,0.3,1.0
empoli_Keeper6,1.0,1.0,1.0,1.0,1.0,1.0,1.0,1.0,1.0,1.0,1.0,1.0,1.0,1.0,1.0,1.0,1.0,1.0,1.0,1.0,1.0,1.0,1.0,1.0,1.0,1.0,1.0,1.0,1.0,1.0,1.0,1.0,0.0,1.0,1.0,1.0,1.0,1.0,1.0,1.0,1.0,0.3,1.0,1.0,1.0,1.0,1.0,1.0,1.0,1.0,1.0,1.0,1.0,1.0,1.0,1.0,1.0,1.0,1.0,1.0,1.0,1.0,1.0,1.0,1.0,1.0,1.0,1.0,1.0,1.0,1.0,1.0,1.0,1.0,1.0,1.0,0.3,1.0,1.0,1.0,1.0,1.0,1.0,1.0,1.0,1.0,1.0,1.0,1.0,1.0,1.0,1.0,1.0,1.0,1.0,1.0,1.0,1.0,1.0,1.0,1.0,1.0,1.0,1.0,1.0,1.0,1.0,1.0,1.0,1.0,1.0,1.0,1.0,1.0,1.0,1.0,1.0,1.0,1.0,1.0,1.0,1.0,1.0,0.3,1.0,1.0,1.0,1.0,1.0,1.0,1.0,1.0
fiorentina_1,1.0,1.0,0.3,1.0,1.0,1.0,1.0,1.0,1.0,1.0,1.0,1.0,1.0,1.0,1.0,1.0,1.0,1.0,1.0,1.0,1.0,1.0,1.0,1.0,1.0,1.0,1.0,1.0,1.0,1.0,1.0,1.0,1.0,0.0,1.0,1.0,1.0,1.0,1.0,1.0,1.0,1.0,1.0,0.3,1.0,1.0,1.0,1.0,1.0,1.0,1.0,1.0,1.0,1.0,1.0,1.0,1.0,1.0,1.0,1.0,1.0,1.0,1.0,1.0,1.0,1.0,1.0,1.0,1.0,1.0,1.0,1.0,1.0,1.0,1.0,1.0,1.0,1.0,1.0,1.0,1.0,1.0,1.0,1.0,1.0,1.0,1.0,1.0,1.0,1.0,1.0,1.0,1.0,1.0,1.0,1.0,1.0,1.0,1.0,1.0,1.0,1.0,1.0,1.0,1.0,1.0,1.0,1.0,1.0,1.0,1.0,1.0,1.0,1.0,1.0,1.0,1.0,1.0,1.0,1.0,1.0,1.0,1.0,1.0,1.0,1.0,1.0,1.0,1.0,1.0,1.0,1.0
fiorentina_2,1.0,0.3,1.0,1.0,1.0,1.0,1.0,0.3,1.0,0.3,1.0,1.0,1.0,1.0,1.0,0.3,0.3,1.0,1.0,1.0,1.0,0.3,1.0,1.0,1.0,1.0,0.3,1.0,1.0,1.0,0.3,1.0,1.0,1.0,0.0,1.0,1.0,1.0,1.0,1.0,0.3,1.0,1.0,1.0,1.0,1.0,0.3,1.0,1.0,1.0,1.0,1.0,0.3,1.0,1.0,1.0,1.0,1.0,0.3,0.3,1.0,1.0,1.0,1.0,1.0,1.0,0.3,1.0,1.0,1.0,1.0,0.3,1.0,1.0,1.0,1.0,1.0,1.0,0.3,1.0,1.0,1.0,0.3,1.0,1.0,1.0,0.3,1.0,1.0,1.0,1.0,1.0,1.0,1.0,1.0,1.0,0.3,1.0,1.0,1.0,1.0,1.0,0.3,1.0,1.0,1.0,1.0,1.0,0.3,1.0,1.0,1.0,0.3,1.0,1.0,0.3,1.0,1.0,1.0,0.3,1.0,1.0,1.0,1.0,1.0,1.0,1.0,0.3,1.0,1.0,1.0,1.0
fiorentina_3,1.0,1.0,1.0,1.0,1.0,1.0,1.0,1.0,0.3,1.0,1.0,1.0,1.0,1.0,1.0,1.0,1.0,1.0,1.0,1.0,1.0,1.0,1.0,0.3,1.0,0.3,1.0,1.0,1.0,1.0,1.0,1.0,1.0,1.0,1.0,0.0,1.0,1.0,0.3,1.0,1.0,1.0,1.0,1.0,1.0,1.0,1.0,1.0,0.3,1.0,1.0,0.3,1.0,1.0,1.0,1.0,1.0,0.3,1.0,1.0,1.0,0.3,1.0,1.0,0.3,1.0,1.0,1.0,1.0,1.0,1.0,1.0,1.0,1.0,0.3,1.0,1.0,1.0,1.0,1.0,1.0,1.0,1.0,1.0,0.3,0.3,1.0,1.0,1.0,1.0,1.0,1.0,1.0,1.0,0.3,1.0,1.0,1.0,1.0,1.0,0.3,1.0,1.0,1.0,1.0,0.3,1.0,1.0,1.0,1.0,0.3,1.0,1.0,1.0,1.0,1.0,1.0,1.0,1.0,1.0,1.0,1.0,1.0,1.0,1.0,0.3,1.0,1.0,1.0,1.0,1.0,1.0
fiorentina_Keeper1,1.0,1.0,1.0,1.0,1.0,0.3,1.0,1.0,1.0,1.0,1.0,1.0,0.3,1.0,1.0,1.0,1.0,0.3,1.0,1.0,1.0,1.0,1.0,1.0,1.0,1.0,1.0,1.0,1.0,0.3,1.0,1.0,1.0,1.0,1.0,1.0,0.0,1.0,1.0,1.0,1.0,1.0,1.0,1.0,0.3,1.0,1.0,1.0,1.0,1.0,1.0,1.0,1.0,0.3,0.3,1.0,1.0,1.0,1.0,1.0,1.0,1.0,0.3,1.0,1.0,1.0,1.0,1.0,0.3,1.0,1.0,1.0,1.0,1.0,1.0,1.0,1.0,1.0,1.0,1.0,1.0,1.0,1.0,1.0,1.0,1.0,1.0,1.0,1.0,0.3,1.0,1.0,1.0,0.3,1.0,1.0,1.0,1.0,1.0,1.0,1.0,1.0,1.0,1.0,1.0,1.0,1.0,1.0,1.0,1.0,1.0,0.3,1.0,1.0,1.0,1.0,0.3,1.0,1.0,1.0,1.0,1.0,1.0,1.0,1.0,1.0,1.0,1.0,1.0,1.0,1.0,1.0
fiorentina_Keeper2,1.0,1.0,1.0,1.0,0.3,1.0,1.0,1.0,1.0,1.0,1.0,1.0,1.0,0.3,1.0,1.0,1.0,1.0,0.3,1.0,1.0,1.0,1.0,1.0,0.3,1.0,1.0,1.0,1.0,1.0,1.0,1.0,1.0,1.0,1.0,1.0,1.0,0.0,1.0,1.0,1.0,1.0,0.3,1.0,1.0,1.0,1.0,1.0,1.0,1.0,1.0,1.0,1.0,1.0,1.0,0.3,1.0,1.0,1.0,1.0,1.0,1.0,1.0,0.3,1.0,1.0,1.0,1.0,1.0,1.0,1.0,1.0,1.0,1.0,1.0,1.0,1.0,1.0,1.0,1.0,1.0,1.0,1.0,1.0,1.0,1.0,1.0,1.0,1.0,1.0,1.0,1.0,1.0,1.0,1.0,1.0,1.0,1.0,1.0,0.3,1.0,1.0,1.0,1.0,1.0,1.0,1.0,0.3,1.0,1.0,1.0,1.0,1.0,1.0,1.0,1.0,1.0,0.3,1.0,1.0,1.0,1.0,0.3,1.0,1.0,1.0,1.0,1.0,1.0,0.3,1.0,1.0
fiorentina_Keeper3,1.0,1.0,1.0,1.0,1.0,1.0,1.0,1.0,0.3,1.0,1.0,1.0,1.0,1.0,1.0,1.0,1.0,1.0,1.0,1.0,1.0,1.0,1.0,0.3,1.0,0.3,1.0,1.0,1.0,1.0,1.0,1.0,1.0,1.0,1.0,0.3,1.0,1.0,0.0,1.0,1.0,1.0,1.0,1.0,1.0,1.0,1.0,1.0,0.3,1.0,1.0,0.3,1.0,1.0,1.0,1.0,1.0,0.3,1.0,1.0,1.0,0.3,1.0,1.0,0.3,1.0,1.0,1.0,1.0,1.0,1.0,1.0,1.0,1.0,0.3,1.0,1.0,1.0,1.0,1.0,1.0,1.0,1.0,1.0,0.3,0.3,1.0,1.0,1.0,1.0,1.0,1.0,1.0,1.0,0.3,1.0,1.0,1.0,1.0,1.0,0.3,1.0,1.0,1.0,1.0,0.3,1.0,1.0,1.0,1.0,0.3,1.0,1.0,1.0,1.0,1.0,1.0,1.0,1.0,1.0,1.0,1.0,1.0,1.0,1.0,0.3,1.0,1.0,1.0,1.0,1.0,1.0
frosinone_1,1.0,1.0,1.0,1.0,1.0,1.0,1.0,1.0,1.0,1.0,1.0,0.3,1.0,1.0,1.0,1.0,1.0,1.0,1.0,1.0,1.0,1.0,1.0,1.0,1.0,1.0,1.0,1.0,0.3,1.0,1.0,1.0,1.0,1.0,1.0,1.0,1.0,1.0,1.0,0.0,1.0,1.0,1.0,1.0,1.0,1.0,1.0,0.3,1.0,0.3,0.3,1.0,1.0,1.0,1.0,1.0,1.0,1.0,1.0,1.0,1.0,1.0,1.0,1.0,1.0,1.0,1.0,1.0,1.0,0.3,0.3,1.0,1.0,1.0,1.0,0.3,1.0,1.0,1.0,1.0,0.3,1.0,1.0,1.0,1.0,1.0,1.0,1.0,0.3,1.0,1.0,1.0,0.3,1.0,1.0,1.0,1.0,1.0,0.3,1.0,1.0,1.0,1.0,1.0,0.3,1.0,1.0,1.0,1.0,0.3,1.0,1.0,1.0,0.3,1.0,1.0,1.0,1.0,1.0,1.0,1.0,1.0,1.0,1.0,1.0,1.0,0.3,1.0,1.0,1.0,1.0,1.0
frosinone_2,1.0,0.3,1.0,1.0,1.0,1.0,1.0,0.3,1.0,0.3,1.0,1.0,1.0,1.0,1.0,0.3,0.3,1.0,1.0,1.0,1.0,0.3,1.0,1.0,1.0,1.0,0.3,1.0,1.0,1.0,0.3,1.0,1.0,1.0,0.3,1.0,1.0,1.0,1.0,1.0,0.0,1.0,1.0,1.0,1.0,1.0,0.3,1.0,1.0,1.0,1.0,1.0,0.3,1.0,1.0,1.0,1.0,1.0,0.3,0.3,1.0,1.0,1.0,1.0,1.0,1.0,0.3,1.0,1.0,1.0,1.0,0.3,1.0,1.0,1.0,1.0,1.0,1.0,0.3,1.0,1.0,1.0,0.3,1.0,1.0,1.0,0.3,1.0,1.0,1.0,1.0,1.0,1.0,1.0,1.0,1.0,0.3,1.0,1.0,1.0,1.0,1.0,0.3,1.0,1.0,1.0,1.0,1.0,0.3,1.0,1.0,1.0,0.3,1.0,1.0,0.3,1.0,1.0,1.0,0.3,1.0,1.0,1.0,1.0,1.0,1.0,1.0,0.3,1.0,1.0,1.0,1.0
frosinone_3,1.0,1.0,1.0,1.0,1.0,1.0,1.0,1.0,1.0,1.0,1.0,1.0,1.0,1.0,1.0,1.0,1.0,1.0,1.0,1.0,1.0,1.0,1.0,1.0,1.0,1.0,1.0,1.0,1.0,1.0,1.0,1.0,0.3,1.0,1.0,1.0,1.0,1.0,1.0,1.0,1.0,0.0,1.0,1.0,1.0,1.0,1.0,1.0,1.0,1.0,1.0,1.0,1.0,1.0,1.0,1.0,1.0,1.0,1.0,1.0,1.0,1.0,1.0,1.0,1.0,1.0,1.0,1.0,1.0,1.0,1.0,1.0,1.0,1.0,1.0,1.0,0.3,1.0,1.0,1.0,1.0,1.0,1.0,1.0,1.0,1.0,1.0,1.0,1.0,1.0,1.0,1.0,1.0,1.0,1.0,1.0,1.0,1.0,1.0,1.0,1.0,1.0,1.0,1.0,1.0,1.0,1.0,1.0,1.0,1.0,1.0,1.0,1.0,1.0,1.0,1.0,1.0,1.0,1.0,1.0,1.0,1.0,1.0,0.3,1.0,1.0,1.0,1.0,1.0,1.0,1.0,1.0
frosinone_Keeper1,1.0,1.0,1.0,1.0,0.3,1.0,1.0,1.0,1.0,1.0,1.0,1.0,1.0,0.3,1.0,1.0,1.0,1.0,0.3,1.0,1.0,1.0,1.0,1.0,0.3,1.0,1.0,1.0,1.0,1.0,1.0,1.0,1.0,1.0,1.0,1.0,1.0,0.3,1.0,1.0,1.0,1.0,0.0,1.0,1.0,1.0,1.0,1.0,1.0,1.0,1.0,1.0,1.0,1.0,1.0,0.3,1.0,1.0,1.0,1.0,1.0,1.0,1.0,0.3,1.0,1.0,1.0,1.0,1.0,1.0,1.0,1.0,1.0,1.0,1.0,1.0,1.0,1.0,1.0,1.0,1.0,1.0,1.0,1.0,1.0,1.0,1.0,1.0,1.0,1.0,1.0,1.0,1.0,1.0,1.0,1.0,1.0,1.0,1.0,0.3,1.0,1.0,1.0,1.0,1.0,1.0,1.0,0.3,1.0,1.0,1.0,1.0,1.0,1.0,1.0,1.0,1.0,0.3,1.0,1.0,1.0,1.0,0.3,1.0,1.0,1.0,1.0,1.0,1.0,0.3,1.0,1.0
frosinone_Keeper3,1.0,1.0,0.3,1.0,1.0,1.0,1.0,1.0,1.0,1.0,1.0,1.0,1.0,1.0,1.0,1.0,1.0,1.0,1.0,1.0,1.0,1.0,1.0,1.0,1.0,1.0,1.0,1.0,1.0,1.0,1.0,1.0,1.0,0.3,1.0,1.0,1.0,1.0,1.0,1.0,1.0,1.0,1.0,0.0,1.0,1.0,1.0,1.0,1.0,1.0,1.0,1.0,1.0,1.0,1.0,1.0,1.0,1.0,1.0,1.0,1.0,1.0,1.0,1.0,1.0,1.0,1.0,1.0,1.0,1.0,1.0,1.0,1.0,1.0,1.0,1.0,1.0,1.0,1.0,1.0,1.0,1.0,1.0,1.0,1.0,1.0,1.0,1.0,1.0,1.0,1.0,1.0,1.0,1.0,1.0,1.0,1.0,1.0,1.0,1.0,1.0,1.0,1.0,1.0,1.0,1.0,1.0,1.0,1.0,1.0,1.0,1.0,1.0,1.0,1.0,1.0,1.0,1.0,1.0,1.0,1.0,1.0,1.0,1.0,1.0,1.0,1.0,1.0,1.0,1.0,1.0,1.0
frosinone_Keeper4,1.0,1.0,1.0,1.0,1.0,0.3,1.0,1.0,1.0,1.0,1.0,1.0,0.3,1.0,1.0,1.0,1.0,0.3,1.0,1.0,1.0,1.0,1.0,1.0,1.0,1.0,1.0,1.0,1.0,0.3,1.0,1.0,1.0,1.0,1.0,1.0,0.3,1.0,1.0,1.0,1.0,1.0,1.0,1.0,0.0,1.0,1.0,1.0,1.0,1.0,1.0,1.0,1.0,0.3,0.3,1.0,1.0,1.0,1.0,1.0,1.0,1.0,0.3,1.0,1.0,1.0,1.0,1.0,0.3,1.0,1.0,1.0,1.0,1.0,1.0,1.0,1.0,1.0,1.0,1.0,1.0,1.0,1.0,1.0,1.0,1.0,1.0,1.0,1.0,0.3,1.0,1.0,1.0,0.3,1.0,1.0,1.0,1.0,1.0,1.0,1.0,1.0,1.0,1.0,1.0,1.0,1.0,1.0,1.0,1.0,1.0,0.3,1.0,1.0,1.0,1.0,0.3,1.0,1.0,1.0,1.0,1.0,1.0,1.0,1.0,1.0,1.0,1.0,1.0,1.0,1.0,1.0
genoa_1,1.0,1.0,1.0,1.0,1.0,1.0,1.0,1.0,1.0,1.0,1.0,1.0,1.0,1.0,0.3,1.0,1.0,1.0,1.0,1.0,0.3,1.0,1.0,1.0,1.0,1.0,1.0,1.0,1.0,1.0,1.0,1.0,1.0,1.0,1.0,1.0,1.0,1.0,1.0,1.0,1.0,1.0,1.0,1.0,1.0,0.0,1.0,1.0,1.0,1.0,1.0,1.0,1.0,1.0,1.0,1.0,1.0,1.0,1.0,1.0,1.0,1.0,1.0,1.0,1.0,1.0,1.0,1.0,1.0,1.0,1.0,1.0,1.0,1.0,1.0,1.0,1.0,1.0,1.0,1.0,1.0,1.0,1.0,1.0,1.0,1.0,1.0,1.0,1.0,1.0,1.0,1.0,1.0,1.0,1.0,1.0,1.0,1.0,1.0,1.0,1.0,1.0,1.0,1.0,1.0,1.0,1.0,1.0,1.0,1.0,1.0,1.0,1.0,1.0,1.0,1.0,1.0,1.0,1.0,1.0,1.0,1.0,1.0,1.0,1.0,1.0,1.0,1.0,1.0,1.0,1.0,1.0
genoa_2,1.0,0.3,1.0,1.0,1.0,1.0,1.0,0.3,1.0,0.3,1.0,1.0,1.0,1.0,1.0,0.3,0.3,1.0,1.0,1.0,1.0,0.3,1.0,1.0,1.0,1.0,0.3,1.0,1.0,1.0,0.3,1.0,1.0,1.0,0.3,1.0,1.0,1.0,1.0,1.0,0.3,1.0,1.0,1.0,1.0,1.0,0.0,1.0,1.0,1.0,1.0,1.0,0.3,1.0,1.0,1.0,1.0,1.0,0.3,0.3,1.0,1.0,1.0,1.0,1.0,1.0,0.3,1.0,1.0,1.0,1.0,0.3,1.0,1.0,1.0,1.0,1.0,1.0,0.3,1.0,1.0,1.0,0.3,1.0,1.0,1.0,0.3,1.0,1.0,1.0,1.0,1.0,1.0,1.0,1.0,1.0,0.3,1.0,1.0,1.0,1.0,1.0,0.3,1.0,1.0,1.0,1.0,1.0,0.3,1.0,1.0,1.0,0.3,1.0,1.0,0.3,1.0,1.0,1.0,0.3,1.0,1.0,1.0,1.0,1.0,1.0,1.0,0.3,1.0,1.0,1.0,1.0
genoa_3,1.0,1.0,1.0,1.0,1.0,1.0,1.0,1.0,1.0,1.0,1.0,0.3,1.0,1.0,1.0,1.0,1.0,1.0,1.0,1.0,1.0,1.0,1.0,1.0,1.0,1.0,1.0,1.0,0.3,1.0,1.0,1.0,1.0,1.0,1.0,1.0,1.0,1.0,1.0,0.3,1.0,1.0,1.0,1.0,1.0,1.0,1.0,0.0,1.0,0.3,0.3,1.0,1.0,1.0,1.0,1.0,1.0,1.0,1.0,1.0,1.0,1.0,1.0,1.0,1.0,1.0,1.0,1.0,1.0,0.3,0.3,1.0,1.0,1.0,1.0,0.3,1.0,1.0,1.0,1.0,0.3,1.0,1.0,1.0,1.0,1.0,1.0,1.0,0.3,1.0,1.0,1.0,0.3,1.0,1.0,1.0,1.0,1.0,0.3,1.0,1.0,1.0,1.0,1.0,0.3,1.0,1.0,1.0,1.0,0.3,1.0,1.0,1.0,0.3,1.0,1.0,1.0,1.0,1.0,1.0,1.0,1.0,1.0,1.0,1.0,1.0,0.3,1.0,1.0,1.0,1.0,1.0
genoa_Keeper1,1.0,1.0,1.0,1.0,1.0,1.0,1.0,1.0,0.3,1.0,1.0,1.0,1.0,1.0,1.0,1.0,1.0,1.0,1.0,1.0,1.0,1.0,1.0,0.3,1.0,0.3,1.0,1.0,1.0,1.0,1.0,1.0,1.0,1.0,1.0,0.3,1.0,1.0,0.3,1.0,1.0,1.0,1.0,1.0,1.0,1.0,1.0,1.0,0.0,1.0,1.0,0.3,1.0,1.0,1.0,1.0,1.0,0.3,1.0,1.0,1.0,0.3,1.0,1.0,0.3,1.0,1.0,1.0,1.0,1.0,1.0,1.0,1.0,1.0,0.3,1.0,1.0,1.0,1.0,1.0,1.0,1.0,1.0,1.0,0.3,0.3,1.0,1.0,1.0,1.0,1.0,1.0,1.0,1.0,0.3,1.0,1.0,1.0,1.0,1.0,0.3,1.0,1.0,1.0,1.0,0.3,1.0,1.0,1.0,1.0,0.3,1.0,1.0,1.0,1.0,1.0,1.0,1.0,1.0,1.0,1.0,1.0,1.0,1.0,1.0,0.3,1.0,1.0,1.0,1.0,1.0,1.0
genoa_Keeper2,1.0,1.0,1.0,1.0,1.0,1.0,1.0,1.0,1.0,1.0,1.0,0.3,1.0,1.0,1.0,1.0,1.0,1.0,1.0,1.0,1.0,1.0,1.0,1.0,1.0,1.0,1.0,1.0,0.3,1.0,1.0,1.0,1.0,1.0,1.0,1.0,1.0,1.0,1.0,0.3,1.0,1.0,1.0,1.0,1.0,1.0,1.0,0.3,1.0,0.0,0.3,1.0,1.0,1.0,1.0,1.0,1.0,1.0,1.0,1.0,1.0,1.0,1.0,1.0,1.0,1.0,1.0,1.0,1.0,0.3,0.3,1.0,1.0,1.0,1.0,0.3,1.0,1.0,1.0,1.0,0.3,1.0,1.0,1.0,1.0,1.0,1.0,1.0,0.3,1.0,1.0,1.0,0.3,1.0,1.0,1.0,1.0,1.0,0.3,1.0,1.0,1.0,1.0,1.0,0.3,1.0,1.0,1.0,1.0,0.3,1.0,1.0,1.0,0.3,1.0,1.0,1.0,1.0,1.0,1.0,1.0,1.0,1.0,1.0,1.0,1.0,0.3,1.0,1.0,1.0,1.0,1.0
genoa_Keeper3,1.0,1.0,1.0,1.0,1.0,1.0,1.0,1.0,1.0,1.0,1.0,0.3,1.0,1.0,1.0,1.0,1.0,1.0,1.0,1.0,1.0,1.0,1.0,1.0,1.0,1.0,1.0,1.0,0.3,1.0,1.0,1.0,1.0,1.0,1.0,1.0,1.0,1.0,1.0,0.3,1.0,1.0,1.0,1.0,1.0,1.0,1.0,0.3,1.0,0.3,0.0,1.0,1.0,1.0,1.0,1.0,1.0,1.0,1.0,1.0,1.0,1.0,1.0,1.0,1.0,1.0,1.0,1.0,1.0,0.3,0.3,1.0,1.0,1.0,1.0,0.3,1.0,1.0,1.0,1.0,0.3,1.0,1.0,1.0,1.0,1.0,1.0,1.0,0.3,1.0,1.0,1.0,0.3,1.0,1.0,1.0,1.0,1.0,0.3,1.0,1.0,1.0,1.0,1.0,0.3,1.0,1.0,1.0,1.0,0.3,1.0,1.0,1.0,0.3,1.0,1.0,1.0,1.0,1.0,1.0,1.0,1.0,1.0,1.0,1.0,1.0,0.3,1.0,1.0,1.0,1.0,1.0
inter_milan_1,1.0,1.0,1.0,1.0,1.0,1.0,1.0,1.0,0.3,1.0,1.0,1.0,1.0,1.0,1.0,1.0,1.0,1.0,1.0,1.0,1.0,1.0,1.0,0.3,1.0,0.3,1.0,1.0,1.0,1.0,1.0,1.0,1.0,1.0,1.0,0.3,1.0,1.0,0.3,1.0,1.0,1.0,1.0,1.0,1.0,1.0,1.0,1.0,0.3,1.0,1.0,0.0,1.0,1.0,1.0,1.0,1.0,0.3,1.0,1.0,1.0,0.3,1.0,1.0,0.3,1.0,1.0,1.0,1.0,1.0,1.0,1.0,1.0,1.0,0.3,1.0,1.0,1.0,1.0,1.0,1.0,1.0,1.0,1.0,0.3,0.3,1.0,1.0,1.0,1.0,1.0,1.0,1.0,1.0,0.3,1.0,1.0,1.0,1.0,1.0,0.3,1.0,1.0,1.0,1.0,0.3,1.0,1.0,1.0,1.0,0.3,1.0,1.0,1.0,1.0,1.0,1.0,1.0,1.0,1.0,1.0,1.0,1.0,1.0,1.0,0.3,1.0,1.0,1.0,1.0,1.0,1.0
inter_milan_2,1.0,0.3,1.0,1.0,1.0,1.0,1.0,0.3,1.0,0.3,1.0,1.0,1.0,1.0,1.0,0.3,0.3,1.0,1.0,1.0,1.0,0.3,1.0,1.0,1.0,1.0,0.3,1.0,1.0,1.0,0.3,1.0,1.0,1.0,0.3,1.0,1.0,1.0,1.0,1.0,0.3,1.0,1.0,1.0,1.0,1.0,0.3,1.0,1.0,1.0,1.0,1.0,0.0,1.0,1.0,1.0,1.0,1.0,0.3,0.3,1.0,1.0,1.0,1.0,1.0,1.0,0.3,1.0,1.0,1.0,1.0,0.3,1.0,1.0,1.0,1.0,1.0,1.0,0.3,1.0,1.0,1.0,0.3,1.0,1.0,1.0,0.3,1.0,1.0,1.0,1.0,1.0,1.0,1.0,1.0,1.0,0.3,1.0,1.0,1.0,1.0,1.0,0.3,1.0,1.0,1.0,1.0,1.0,0.3,1.0,1.0,1.0,0.3,1.0,1.0,0.3,1.0,1.0,1.0,0.3,1.0,1.0,1.0,1.0,1.0,1.0,1.0,0.3,1.0,1.0,1.0,1.0
inter_milan_3,1.0,1.0,1.0,1.0,1.0,0.3,1.0,1.0,1.0,1.0,1.0,1.0,0.3,1.0,1.0,1.0,1.0,0.3,1.0,1.0,1.0,1.0,1.0,1.0,1.0,1.0,1.0,1.0,1.0,0.3,1.0,1.0,1.0,1.0,1.0,1.0,0.3,1.0,1.0,1.0,1.0,1.0,1.0,1.0,0.3,1.0,1.0,1.0,1.0,1.0,1.0,1.0,1.0,0.0,0.3,1.0,1.0,1.0,1.0,1.0,1.0,1.0,0.3,1.0,1.0,1.0,1.0,1.0,0.3,1.0,1.0,1.0,1.0,1.0,1.0,1.0,1.0,1.0,1.0,1.0,1.0,1.0,1.0,1.0,1.0,1.0,1.0,1.0,1.0,0.3,1.0,1.0,1.0,0.3,1.0,1.0,1.0,1.0,1.0,1.0,1.0,1.0,1.0,1.0,1.0,1.0,1.0,1.0,1.0,1.0,1.0,0.3,1.0,1.0,1.0,1.0,0.3,1.0,1.0,1.0,1.0,1.0,1.0,1.0,1.0,1.0,1.0,1.0,1.0,1.0,1.0,1.0
inter_milan_Keeper1,1.0,1.0,1.0,1.0,1.0,0.3,1.0,1.0,1.0,1.0,1.0,1.0,0.3,1.0,1.0,1.0,1.0,0.3,1.0,1.0,1.0,1.0,1.0,1.0,1.0,1.0,1.0,1.0,1.0,0.3,1.0,1.0,1.0,1.0,1.0,1.0,0.3,1.0,1.0,1.0,1.0,1.0,1.0,1.0,0.3,1.0,1.0,1.0,1.0,1.0,1.0,1.0,1.0,0.3,0.0,1.0,1.0,1.0,1.0,1.0,1.0,1.0,0.3,1.0,1.0,1.0,1.0,1.0,0.3,1.0,1.0,1.0,1.0,1.0,1.0,1.0,1.0,1.0,1.0,1.0,1.0,1.0,1.0,1.0,1.0,1.0,1.0,1.0,1.0,0.3,1.0,1.0,1.0,0.3,1.0,1.0,1.0,1.0,1.0,1.0,1.0,1.0,1.0,1.0,1.0,1.0,1.0,1.0,1.0,1.0,1.0,0.3,1.0,1.0,1.0,1.0,0.3,1.0,1.0,1.0,1.0,1.0,1.0,1.0,1.0,1.0,1.0,1.0,1.0,1.0,1.0,1.0
inter_milan_Keeper2,1.0,1.0,1.0,1.0,0.3,1.0,1.0,1.0,1.0,1.0,1.0,1.0,1.0,0.3,1.0,1.0,1.0,1.0,0.3,1.0,1.0,1.0,1.0,1.0,0.3,1.0,1.0,1.0,1.0,1.0,1.0,1.0,1.0,1.0,1.0,1.0,1.0,0.3,1.0,1.0,1.0,1.0,0.3,1.0,1.0,1.0,1.0,1.0,1.0,1.0,1.0,1.0,1.0,1.0,1.0,0.0,1.0,1.0,1.0,1.0,1.0,1.0,1.0,0.3,1.0,1.0,1.0,1.0,1.0,1.0,1.0,1.0,1.0,1.0,1.0,1.0,1.0,1.0,1.0,1.0,1.0,1.0,1.0,1.0,1.0,1.0,1.0,1.0,1.0,1.0,1.0,1.0,1.0,1.0,1.0,1.0,1.0,1.0,1.0,0.3,1.0,1.0,1.0,1.0,1.0,1.0,1.0,0.3,1.0,1.0,1.0,1.0,1.0,1.0,1.0,1.0,1.0,0.3,1.0,1.0,1.0,1.0,0.3,1.0,1.0,1.0,1.0,1.0,1.0,0.3,1.0,1.0
inter_milan_Keeper3,1.0,1.0,1.0,0.3,1.0,1.0,0.3,1.0,1.0,1.0,1.0,1.0,1.0,1.0,1.0,1.0,1.0,1.0,1.0,0.3,1.0,1.0,0.3,1.0,1.0,1.0,1.0,0.3,1.0,1.0,1.0,0.3,1.0,1.0,1.0,1.0,1.0,1.0,1.0,1.0,1.0,1.0,1.0,1.0,1.0,1.0,1.0,1.0,1.0,1.0,1.0,1.0,1.0,1.0,1.0,1.0,0.0,1.0,1.0,1.0,0.3,1.0,1.0,1.0,1.0,0.3,1.0,0.3,1.0,1.0,1.0,1.0,1.0,0.3,1.0,1.0,1.0,1.0,1.0,0.3,1.0,0.3,1.0,1.0,1.0,1.0,1.0,0.3,1.0,1.0,0.3,0.3,1.0,1.0,1.0,1.0,1.0,0.3,1.0,1.0,1.0,1.0,1.0,0.3,1.0,1.0,1.0,1.0,1.0,1.0,1.0,1.0,1.0,1.0,1.0,1.0,1.0,1.0,0.3,1.0,1.0,0.3,1.0,1.0,1.0,1.0,1.0,1.0,0.3,1.0,0.3,1.0
inter_milan_Keeper4,1.0,1.0,1.0,1.0,1.0,1.0,1.0,1.0,0.3,1.0,1.0,1.0,1.0,1.0,1.0,1.0,1.0,1.0,1.0,1.0,1.0,1.0,1.0,0.3,1.0,0.3,1.0,1.0,1.0,1.0,1.0,1.0,1.0,1.0,1.0,0.3,1.0,1.0,0.3,1.0,1.0,1.0,1.0,1.0,1.0,1.0,1.0,1.0,0.3,1.0,1.0,0.3,1.0,1.0,1.0,1.0,1.0,0.0,1.0,1.0,1.0,0.3,1.0,1.0,0.3,1.0,1.0,1.0,1.0,1.0,1.0,1.0,1.0,1.0,0.3,1.0,1.0,1.0,1.0,1.0,1.0,1.0,1.0,1.0,0.3,0.3,1.0,1.0,1.0,1.0,1.0,1.0,1.0,1.0,0.3,1.0,1.0,1.0,1.0,1.0,0.3,1.0,1.0,1.0,1.0,0.3,1.0,1.0,1.0,1.0,0.3,1.0,1.0,1.0,1.0,1.0,1.0,1.0,1.0,1.0,1.0,1.0,1.0,1.0,1.0,0.3,1.0,1.0,1.0,1.0,1.0,1.0
juventus_1,1.0,0.3,1.0,1.0,1.0,1.0,1.0,0.3,1.0,0.3,1.0,1.0,1.0,1.0,1.0,0.3,0.3,1.0,1.0,1.0,1.0,0.3,1.0,1.0,1.0,1.0,0.3,1.0,1.0,1.0,0.3,1.0,1.0,1.0,0.3,1.0,1.0,1.0,1.0,1.0,0.3,1.0,1.0,1.0,1.0,1.0,0.3,1.0,1.0,1.0,1.0,1.0,0.3,1.0,1.0,1.0,1.0,1.0,0.0,0.3,1.0,1.0,1.0,1.0,1.0,1.0,0.3,1.0,1.0,1.0,1.0,0.3,1.0,1.0,1.0,1.0,1.0,1.0,0.3,1.0,1.0,1.0,0.3,1.0,1.0,1.0,0.3,1.0,1.0,1.0,1.0,1.0,1.0,1.0,1.0,1.0,0.3,1.0,1.0,1.0,1.0,1.0,0.3,1.0,1.0,1.0,1.0,1.0,0.3,1.0,1.0,1.0,0.3,1.0,1.0,0.3,1.0,1.0,1.0,0.3,1.0,1.0,1.0,1.0,1.0,1.0,1.0,0.3,1.0,1.0,1.0,1.0
juventus_2,1.0,0.3,1.0,1.0,1.0,1.0,1.0,0.3,1.0,0.3,1.0,1.0,1.0,1.0,1.0,0.3,0.3,1.0,1.0,1.0,1.0,0.3,1.0,1.0,1.0,1.0,0.3,1.0,1.0,1.0,0.3,1.0,1.0,1.0,0.3,1.0,1.0,1.0,1.0,1.0,0.3,1.0,1.0,1.0,1.0,1.0,0.3,1.0,1.0,1.0,1.0,1.0,0.3,1.0,1.0,1.0,1.0,1.0,0.3,0.0,1.0,1.0,1.0,1.0,1.0,1.0,0.3,1.0,1.0,1.0,1.0,0.3,1.0,1.0,1.0,1.0,1.0,1.0,0.3,1.0,1.0,1.0,0.3,1.0,1.0,1.0,0.3,1.0,1.0,1.0,1.0,1.0,1.0,1.0,1.0,1.0,0.3,1.0,1.0,1.0,1.0,1.0,0.3,1.0,1.0,1.0,1.0,1.0,0.3,1.0,1.0,1.0,0.3,1.0,1.0,0.3,1.0,1.0,1.0,0.3,1.0,1.0,1.0,1.0,1.0,1.0,1.0,0.3,1.0,1.0,1.0,1.0
juventus_3,1.0,1.0,1.0,0.3,1.0,1.0,0.3,1.0,1.0,1.0,1.0,1.0,1.0,1.0,1.0,1.0,1.0,1.0,1.0,0.3,1.0,1.0,0.3,1.0,1.0,1.0,1.0,0.3,1.0,1.0,1.0,0.3,1.0,1.0,1.0,1.0,1.0,1.0,1.0,1.0,1.0,1.0,1.0,1.0,1.0,1.0,1.0,1.0,1.0,1.0,1.0,1.0,1.0,1.0,1.0,1.0,0.3,1.0,1.0,1.0,0.0,1.0,1.0,1.0,1.0,0.3,1.0,0.3,1.0,1.0,1.0,1.0,1.0,0.3,1.0,1.0,1.0,1.0,1.0,0.3,1.0,0.3,1.0,1.0,1.0,1.0,1.0,0.3,1.0,1.0,0.3,0.3,1.0,1.0,1.0,1.0,1.0,0.3,1.0,1.0,1.0,1.0,1.0,0.3,1.0,1.0,1.0,1.0,1.0,1.0,1.0,1.0,1.0,1.0,1.0,1.0,1.0,1.0,0.3,1.0,1.0,0.3,1.0,1.0,1.0,1.0,1.0,1.0,0.3,1.0,0.3,1.0
juventus_Keeper1,1.0,1.0,1.0,1.0,1.0,1.0,1.0,1.0,0.3,1.0,1.0,1.0,1.0,1.0,1.0,1.0,1.0,1.0,1.0,1.0,1.0,1.0,1.0,0.3,1.0,0.3,1.0,1.0,1.0,1.0,1.0,1.0,1.0,1.0,1.0,0.3,1.0,1.0,0.3,1.0,1.0,1.0,1.0,1.0,1.0,1.0,1.0,1.0,0.3,1.0,1.0,0.3,1.0,1.0,1.0,1.0,1.0,0.3,1.0,1.0,1.0,0.0,1.0,1.0,0.3,1.0,1.0,1.0,1.0,1.0,1.0,1.0,1.0,1.0,0.3,1.0,1.0,1.0,1.0,1.0,1.0,1.0,1.0,1.0,0.3,0.3,1.0,1.0,1.0,1.0,1.0,1.0,1.0,1.0,0.3,1.0,1.0,1.0,1.0,1.0,0.3,1.0,1.0,1.0,1.0,0.3,1.0,1.0,1.0,1.0,0.3,1.0,1.0,1.0,1.0,1.0,1.0,1.0,1.0,1.0,1.0,1.0,1.0,1.0,1.0,0.3,1.0,1.0,1.0,1.0,1.0,1.0
juventus_Keeper2,1.0,1.0,1.0,1.0,1.0,0.3,1.0,1.0,1.0,1.0,1.0,1.0,0.3,1.0,1.0,1.0,1.0,0.3,1.0,1.0,1.0,1.0,1.0,1.0,1.0,1.0,1.0,1.0,1.0,0.3,1.0,1.0,1.0,1.0,1.0,1.0,0.3,1.0,1.0,1.0,1.0,1.0,1.0,1.0,0.3,1.0,1.0,1.0,1.0,1.0,1.0,1.0,1.0,0.3,0.3,1.0,1.0,1.0,1.0,1.0,1.0,1.0,0.0,1.0,1.0,1.0,1.0,1.0,0.3,1.0,1.0,1.0,1.0,1.0,1.0,1.0,1.0,1.0,1.0,1.0,1.0,1.0,1.0,1.0,1.0,1.0,1.0,1.0,1.0,0.3,1.0,1.0,1.0,0.3,1.0,1.0,1.0,1.0,1.0,1.0,1.0,1.0,1.0,1.0,1.0,1.0,1.0,1.0,1.0,1.0,1.0,0.3,1.0,1.0,1.0,1.0,0.3,1.0,1.0,1.0,1.0,1.0,1.0,1.0,1.0,1.0,1.0,1.0,1.0,1.0,1.0,1.0
juventus_Keeper3,1.0,1.0,1.0,1.0,0.3,1.0,1.0,1.0,1.0,1.0,1.0,1.0,1.0,0.3,1.0,1.0,1.0,1.0,0.3,1.0,1.0,1.0,1.0,1.0,0.3,1.0,1.0,1.0,1.0,1.0,1.0,1.0,1.0,1.0,1.0,1.0,1.0,0.3,1.0,1.0,1.0,1.0,0.3,1.0,1.0,1.0,1.0,1.0,1.0,1.0,1.0,1.0,1.0,1.0,1.0,0.3,1.0,1.0,1.0,1.0,1.0,1.0,1.0,0.0,1.0,1.0,1.0,1.0,1.0,1.0,1.0,1.0,1.0,1.0,1.0,1.0,1.0,1.0,1.0,1.0,1.0,1.0,1.0,1.0,1.0,1.0,1.0,1.0,1.0,1.0,1.0,1.0,1.0,1.0,1.0,1.0,1.0,1.0,1.0,0.3,1.0,1.0,1.0,1.0,1.0,1.0,1.0,0.3,1.0,1.0,1.0,1.0,1.0,1.0,1.0,1.0,1.0,0.3,1.0,1.0,1.0,1.0,0.3,1.0,1.0,1.0,1.0,1.0,1.0,0.3,1.0,1.0
lazio_1,1.0,1.0,1.0,1.0,1.0,1.0,1.0,1.0,0.3,1.0,1.0,1.0,1.0,1.0,1.0,1.0,1.0,1.0,1.0,1.0,1.0,1.0,1.0,0.3,1.0,0.3,1.0,1.0,1.0,1.0,1.0,1.0,1.0,1.0,1.0,0.3,1.0,1.0,0.3,1.0,1.0,1.0,1.0,1.0,1.0,1.0,1.0,1.0,0.3,1.0,1.0,0.3,1.0,1.0,1.0,1.0,1.0,0.3,1.0,1.0,1.0,0.3,1.0,1.0,0.0,1.0,1.0,1.0,1.0,1.0,1.0,1.0,1.0,1.0,0.3,1.0,1.0,1.0,1.0,1.0,1.0,1.0,1.0,1.0,0.3,0.3,1.0,1.0,1.0,1.0,1.0,1.0,1.0,1.0,0.3,1.0,1.0,1.0,1.0,1.0,0.3,1.0,1.0,1.0,1.0,0.3,1.0,1.0,1.0,1.0,0.3,1.0,1.0,1.0,1.0,1.0,1.0,1.0,1.0,1.0,1.0,1.0,1.0,1.0,1.0,0.3,1.0,1.0,1.0,1.0,1.0,1.0
lazio_2,1.0,1.0,1.0,0.3,1.0,1.0,0.3,1.0,1.0,1.0,1.0,1.0,1.0,1.0,1.0,1.0,1.0,1.0,1.0,0.3,1.0,1.0,0.3,1.0,1.0,1.0,1.0,0.3,1.0,1.0,1.0,0.3,1.0,1.0,1.0,1.0,1.0,1.0,1.0,1.0,1.0,1.0,1.0,1.0,1.0,1.0,1.0,1.0,1.0,1.0,1.0,1.0,1.0,1.0,1.0,1.0,0.3,1.0,1.0,1.0,0.3,1.0,1.0,1.0,1.0,0.0,1.0,0.3,1.0,1.0,1.0,1.0,1.0,0.3,1.0,1.0,1.0,1.0,1.0,0.3,1.0,0.3,1.0,1.0,1.0,1.0,1.0,0.3,1.0,1.0,0.3,0.3,1.0,1.0,1.0,1.0,1.0,0.3,1.0,1.0,1.0,1.0,1.0,0.3,1.0,1.0,1.0,1.0,1.0,1.0,1.0,1.0,1.0,1.0,1.0,1.0,1.0,1.0,0.3,1.0,1.0,0.3,1.0,1.0,1.0,1.0,1.0,1.0,0.3,1.0,0.3,1.0
lazio_3,1.0,0.3,1.0,1.0,1.0,1.0,1.0,0.3,1.0,0.3,1.0,1.0,1.0,1.0,1.0,0.3,0.3,1.0,1.0,1.0,1.0,0.3,1.0,1.0,1.0,1.0,0.3,1.0,1.0,1.0,0.3,1.0,1.0,1.0,0.3,1.0,1.0,1.0,1.0,1.0,0.3,1.0,1.0,1.0,1.0,1.0,0.3,1.0,1.0,1.0,1.0,1.0,0.3,1.0,1.0,1.0,1.0,1.0,0.3,0.3,1.0,1.0,1.0,1.0,1.0,1.0,0.0,1.0,1.0,1.0,1.0,0.3,1.0,1.0,1.0,1.0,1.0,1.0,0.3,1.0,1.0,1.0,0.3,1.0,1.0,1.0,0.3,1.0,1.0,1.0,1.0,1.0,1.0,1.0,1.0,1.0,0.3,1.0,1.0,1.0,1.0,1.0,0.3,1.0,1.0,1.0,1.0,1.0,0.3,1.0,1.0,1.0,0.3,1.0,1.0,0.3,1.0,1.0,1.0,0.3,1.0,1.0,1.0,1.0,1.0,1.0,1.0,0.3,1.0,1.0,1.0,1.0
lazio_Keeper1,1.0,1.0,1.0,0.3,1.0,1.0,0.3,1.0,1.0,1.0,1.0,1.0,1.0,1.0,1.0,1.0,1.0,1.0,1.0,0.3,1.0,1.0,0.3,1.0,1.0,1.0,1.0,0.3,1.0,1.0,1.0,0.3,1.0,1.0,1.0,1.0,1.0,1.0,1.0,1.0,1.0,1.0,1.0,1.0,1.0,1.0,1.0,1.0,1.0,1.0,1.0,1.0,1.0,1.0,1.0,1.0,0.3,1.0,1.0,1.0,0.3,1.0,1.0,1.0,1.0,0.3,1.0,0.0,1.0,1.0,1.0,1.0,1.0,0.3,1.0,1.0,1.0,1.0,1.0,0.3,1.0,0.3,1.0,1.0,1.0,1.0,1.0,0.3,1.0,1.0,0.3,0.3,1.0,1.0,1.0,1.0,1.0,0.3,1.0,1.0,1.0,1.0,1.0,0.3,1.0,1.0,1.0,1.0,1.0,1.0,1.0,1.0,1.0,1.0,1.0,1.0,1.0,1.0,0.3,1.0,1.0,0.3,1.0,1.0,1.0,1.0,1.0,1.0,0.3,1.0,0.3,1.0
lazio_Keeper2,1.0,1.0,1.0,1.0,1.0,0.3,1.0,1.0,1.0,1.0,1.0,1.0,0.3,1.0,1.0,1.0,1.0,0.3,1.0,1.0,1.0,1.0,1.0,1.0,1.0,1.0,1.0,1.0,1.0,0.3,1.0,1.0,1.0,1.0,1.0,1.0,0.3,1.0,1.0,1.0,1.0,1.0,1.0,1.0,0.3,1.0,1.0,1.0,1.0,1.0,1.0,1.0,1.0,0.3,0.3,1.0,1.0,1.0,1.0,1.0,1.0,1.0,0.3,1.0,1.0,1.0,1.0,1.0,0.0,1.0,1.0,1.0,1.0,1.0,1.0,1.0,1.0,1.0,1.0,1.0,1.0,1.0,1.0,1.0,1.0,1.0,1.0,1.0,1.0,0.3,1.0,1.0,1.0,0.3,1.0,1.0,1.0,1.0,1.0,1.0,1.0,1.0,1.0,1.0,1.0,1.0,1.0,1.0,1.0,1.0,1.0,0.3,1.0,1.0,1.0,1.0,0.3,1.0,1.0,1.0,1.0,1.0,1.0,1.0,1.0,1.0,1.0,1.0,1.0,1.0,1.0,1.0
lazio_Keeper3,1.0,1.0,1.0,1.0,1.0,1.0,1.0,1.0,1.0,1.0,1.0,0.3,1.0,1.0,1.0,1.0,1.0,1.0,1.0,1.0,1.0,1.0,1.0,1.0,1.0,1.0,1.0,1.0,0.3,1.0,1.0,1.0,1.0,1.0,1.0,1.0,1.0,1.0,1.0,0.3,1.0,1.0,1.0,1.0,1.0,1.0,1.0,0.3,1.0,0.3,0.3,1.0,1.0,1.0,1.0,1.0,1.0,1.0,1.0,1.0,1.0,1.0,1.0,1.0,1.0,1.0,1.0,1.0,1.0,0.0,0.3,1.0,1.0,1.0,1.0,0.3,1.0,1.0,1.0,1.0,0.3,1.0,1.0,1.0,1.0,1.0,1.0,1.0,0.3,1.0,1.0,1.0,0.3,1.0,1.0,1.0,1.0,1.0,0.3,1.0,1.0,1.0,1.0,1.0,0.3,1.0,1.0,1.0,1.0,0.3,1.0,1.0,1.0,0.3,1.0,1.0,1.0,1.0,1.0,1.0,1.0,1.0,1.0,1.0,1.0,1.0,0.3,1.0,1.0,1.0,1.0,1.0
lecce_1,1.0,1.0,1.0,1.0,1.0,1.0,1.0,1.0,1.0,1.0,1.0,0.3,1.0,1.0,1.0,1.0,1.0,1.0,1.0,1.0,1.0,1.0,1.0,1.0,1.0,1.0,1.0,1.0,0.3,1.0,1.0,1.0,1.0,1.0,1.0,1.0,1.0,1.0,1.0,0.3,1.0,1.0,1.0,1.0,1.0,1.0,1.0,0.3,1.0,0.3,0.3,1.0,1.0,1.0,1.0,1.0,1.0,1.0,1.0,1.0,1.0,1.0,1.0,1.0,1.0,1.0,1.0,1.0,1.0,0.3,0.0,1.0,1.0,1.0,1.0,0.3,1.0,1.0,1.0,1.0,0.3,1.0,1.0,1.0,1.0,1.0,1.0,1.0,0.3,1.0,1.0,1.0,0.3,1.0,1.0,1.0,1.0,1.0,0.3,1.0,1.0,1.0,1.0,1.0,0.3,1.0,1.0,1.0,1.0,0.3,1.0,1.0,1.0,0.3,1.0,1.0,1.0,1.0,1.0,1.0,1.0,1.0,1.0,1.0,1.0,1.0,0.3,1.0,1.0,1.0,1.0,1.0
lecce_2,1.0,0.3,1.0,1.0,1.0,1.0,1.0,0.3,1.0,0.3,1.0,1.0,1.0,1.0,1.0,0.3,0.3,1.0,1.0,1.0,1.0,0.3,1.0,1.0,1.0,1.0,0.3,1.0,1.0,1.0,0.3,1.0,1.0,1.0,0.3,1.0,1.0,1.0,1.0,1.0,0.3,1.0,1.0,1.0,1.0,1.0,0.3,1.0,1.0,1.0,1.0,1.0,0.3,1.0,1.0,1.0,1.0,1.0,0.3,0.3,1.0,1.0,1.0,1.0,1.0,1.0,0.3,1.0,1.0,1.0,1.0,0.0,1.0,1.0,1.0,1.0,1.0,1.0,0.3,1.0,1.0,1.0,0.3,1.0,1.0,1.0,0.3,1.0,1.0,1.0,1.0,1.0,1.0,1.0,1.0,1.0,0.3,1.0,1.0,1.0,1.0,1.0,0.3,1.0,1.0,1.0,1.0,1.0,0.3,1.0,1.0,1.0,0.3,1.0,1.0,0.3,1.0,1.0,1.0,0.3,1.0,1.0,1.0,1.0,1.0,1.0,1.0,0.3,1.0,1.0,1.0,1.0
lecce_3,0.3,1.0,1.0,1.0,1.0,1.0,1.0,1.0,1.0,1.0,0.3,1.0,1.0,1.0,1.0,1.0,1.0,1.0,1.0,1.0,1.0,1.0,1.0,1.0,1.0,1.0,1.0,1.0,1.0,1.0,1.0,1.0,1.0,1.0,1.0,1.0,1.0,1.0,1.0,1.0,1.0,1.0,1.0,1.0,1.0,1.0,1.0,1.0,1.0,1.0,1.0,1.0,1.0,1.0,1.0,1.0,1.0,1.0,1.0,1.0,1.0,1.0,1.0,1.0,1.0,1.0,1.0,1.0,1.0,1.0,1.0,1.0,0.0,1.0,1.0,1.0,1.0,0.3,1.0,1.0,1.0,1.0,1.0,0.3,1.0,1.0,1.0,1.0,1.0,1.0,1.0,1.0,1.0,1.0,1.0,0.3,1.0,1.0,1.0,1.0,1.0,0.3,1.0,1.0,1.0,1.0,1.0,1.0,1.0,1.0,1.0,1.0,1.0,1.0,0.3,1.0,1.0,1.0,1.0,1.0,1.0,1.0,1.0,1.0,1.0,1.0,1.0,1.0,1.0,1.0,1.0,1.0
lecce_Keeper1,1.0,1.0,1.0,0.3,1.0,1.0,0.3,1.0,1.0,1.0,1.0,1.0,1.0,1.0,1.0,1.0,1.0,1.0,1.0,0.3,1.0,1.0,0.3,1.0,1.0,1.0,1.0,0.3,1.0,1.0,1.0,0.3,1.0,1.0,1.0,1.0,1.0,1.0,1.0,1.0,1.0,1.0,1.0,1.0,1.0,1.0,1.0,1.0,1.0,1.0,1.0,1.0,1.0,1.0,1.0,1.0,0.3,1.0,1.0,1.0,0.3,1.0,1.0,1.0,1.0,0.3,1.0,0.3,1.0,1.0,1.0,1.0,1.0,0.0,1.0,1.0,1.0,1.0,1.0,0.3,1.0,0.3,1.0,1.0,1.0,1.0,1.0,0.3,1.0,1.0,0.3,0.3,1.0,1.0,1.0,1.0,1.0,0.3,1.0,1.0,1.0,1.0,1.0,0.3,1.0,1.0,1.0,1.0,1.0,1.0,1.0,1.0,1.0,1.0,1.0,1.0,1.0,1.0,0.3,1.0,1.0,0.3,1.0,1.0,1.0,1.0,1.0,1.0,0.3,1.0,0.3,1.0
lecce_Keeper2,1.0,1.0,1.0,1.0,1.0,1.0,1.0,1.0,0.3,1.0,1.0,1.0,1.0,1.0,1.0,1.0,1.0,1.0,1.0,1.0,1.0,1.0,1.0,0.3,1.0,0.3,1.0,1.0,1.0,1.0,1.0,1.0,1.0,1.0,1.0,0.3,1.0,1.0,0.3,1.0,1.0,1.0,1.0,1.0,1.0,1.0,1.0,1.0,0.3,1.0,1.0,0.3,1.0,1.0,1.0,1.0,1.0,0.3,1.0,1.0,1.0,0.3,1.0,1.0,0.3,1.0,1.0,1.0,1.0,1.0,1.0,1.0,1.0,1.0,0.0,1.0,1.0,1.0,1.0,1.0,1.0,1.0,1.0,1.0,0.3,0.3,1.0,1.0,1.0,1.0,1.0,1.0,1.0,1.0,0.3,1.0,1.0,1.0,1.0,1.0,0.3,1.0,1.0,1.0,1.0,0.3,1.0,1.0,1.0,1.0,0.3,1.0,1.0,1.0,1.0,1.0,1.0,1.0,1.0,1.0,1.0,1.0,1.0,1.0,1.0,0.3,1.0,1.0,1.0,1.0,1.0,1.0
lecce_Keeper3,1.0,1.0,1.0,1.0,1.0,1.0,1.0,1.0,1.0,1.0,1.0,0.3,1.0,1.0,1.0,1.0,1.0,1.0,1.0,1.0,1.0,1.0,1.0,1.0,1.0,1.0,1.0,1.0,0.3,1.0,1.0,1.0,1.0,1.0,1.0,1.0,1.0,1.0,1.0,0.3,1.0,1.0,1.0,1.0,1.0,1.0,1.0,0.3,1.0,0.3,0.3,1.0,1.0,1.0,1.0,1.0,1.0,1.0,1.0,1.0,1.0,1.0,1.0,1.0,1.0,1.0,1.0,1.0,1.0,0.3,0.3,1.0,1.0,1.0,1.0,0.0,1.0,1.0,1.0,1.0,0.3,1.0,1.0,1.0,1.0,1.0,1.0,1.0,0.3,1.0,1.0,1.0,0.3,1.0,1.0,1.0,1.0,1.0,0.3,1.0,1.0,1.0,1.0,1.0,0.3,1.0,1.0,1.0,1.0,0.3,1.0,1.0,1.0,0.3,1.0,1.0,1.0,1.0,1.0,1.0,1.0,1.0,1.0,1.0,1.0,1.0,0.3,1.0,1.0,1.0,1.0,1.0
lecce_Keeper4,1.0,1.0,1.0,1.0,1.0,1.0,1.0,1.0,1.0,1.0,1.0,1.0,1.0,1.0,1.0,1.0,1.0,1.0,1.0,1.0,1.0,1.0,1.0,1.0,1.0,1.0,1.0,1.0,1.0,1.0,1.0,1.0,0.3,1.0,1.0,1.0,1.0,1.0,1.0,1.0,1.0,0.3,1.0,1.0,1.0,1.0,1.0,1.0,1.0,1.0,1.0,1.0,1.0,1.0,1.0,1.0,1.0,1.0,1.0,1.0,1.0,1.0,1.0,1.0,1.0,1.0,1.0,1.0,1.0,1.0,1.0,1.0,1.0,1.0,1.0,1.0,0.0,1.0,1.0,1.0,1.0,1.0,1.0,1.0,1.0,1.0,1.0,1.0,1.0,1.0,1.0,1.0,1.0,1.0,1.0,1.0,1.0,1.0,1.0,1.0,1.0,1.0,1.0,1.0,1.0,1.0,1.0,1.0,1.0,1.0,1.0,1.0,1.0,1.0,1.0,1.0,1.0,1.0,1.0,1.0,1.0,1.0,1.0,0.3,1.0,1.0,1.0,1.0,1.0,1.0,1.0,1.0
monza_1,0.3,1.0,1.0,1.0,1.0,1.0,1.0,1.0,1.0,1.0,0.3,1.0,1.0,1.0,1.0,1.0,1.0,1.0,1.0,1.0,1.0,1.0,1.0,1.0,1.0,1.0,1.0,1.0,1.0,1.0,1.0,1.0,1.0,1.0,1.0,1.0,1.0,1.0,1.0,1.0,1.0,1.0,1.0,1.0,1.0,1.0,1.0,1.0,1.0,1.0,1.0,1.0,1.0,1.0,1.0,1.0,1.0,1.0,1.0,1.0,1.0,1.0,1.0,1.0,1.0,1.0,1.0,1.0,1.0,1.0,1.0,1.0,0.3,1.0,1.0,1.0,1.0,0.0,1.0,1.0,1.0,1.0,1.0,0.3,1.0,1.0,1.0,1.0,1.0,1.0,1.0,1.0,1.0,1.0,1.0,0.3,1.0,1.0,1.0,1.0,1.0,0.3,1.0,1.0,1.0,1.0,1.0,1.0,1.0,1.0,1.0,1.0,1.0,1.0,0.3,1.0,1.0,1.0,1.0,1.0,1.0,1.0,1.0,1.0,1.0,1.0,1.0,1.0,1.0,1.0,1.0,1.0
monza_2,1.0,0.3,1.0,1.0,1.0,1.0,1.0,0.3,1.0,0.3,1.0,1.0,1.0,1.0,1.0,0.3,0.3,1.0,1.0,1.0,1.0,0.3,1.0,1.0,1.0,1.0,0.3,1.0,1.0,1.0,0.3,1.0,1.0,1.0,0.3,1.0,1.0,1.0,1.0,1.0,0.3,1.0,1.0,1.0,1.0,1.0,0.3,1.0,1.0,1.0,1.0,1.0,0.3,1.0,1.0,1.0,1.0,1.0,0.3,0.3,1.0,1.0,1.0,1.0,1.0,1.0,0.3,1.0,1.0,1.0,1.0,0.3,1.0,1.0,1.0,1.0,1.0,1.0,0.0,1.0,1.0,1.0,0.3,1.0,1.0,1.0,0.3,1.0,1.0,1.0,1.0,1.0,1.0,1.0,1.0,1.0,0.3,1.0,1.0,1.0,1.0,1.0,0.3,1.0,1.0,1.0,1.0,1.0,0.3,1.0,1.0,1.0,0.3,1.0,1.0,0.3,1.0,1.0,1.0,0.3,1.0,1.0,1.0,1.0,1.0,1.0,1.0,0.3,1.0,1.0,1.0,1.0
monza_3,1.0,1.0,1.0,0.3,1.0,1.0,0.3,1.0,1.0,1.0,1.0,1.0,1.0,1.0,1.0,1.0,1.0,1.0,1.0,0.3,1.0,1.0,0.3,1.0,1.0,1.0,1.0,0.3,1.0,1.0,1.0,0.3,1.0,1.0,1.0,1.0,1.0,1.0,1.0,1.0,1.0,1.0,1.0,1.0,1.0,1.0,1.0,1.0,1.0,1.0,1.0,1.0,1.0,1.0,1.0,1.0,0.3,1.0,1.0,1.0,0.3,1.0,1.0,1.0,1.0,0.3,1.0,0.3,1.0,1.0,1.0,1.0,1.0,0.3,1.0,1.0,1.0,1.0,1.0,0.0,1.0,0.3,1.0,1.0,1.0,1.0,1.0,0.3,1.0,1.0,0.3,0.3,1.0,1.0,1.0,1.0,1.0,0.3,1.0,1.0,1.0,1.0,1.0,0.3,1.0,1.0,1.0,1.0,1.0,1.0,1.0,1.0,1.0,1.0,1.0,1.0,1.0,1.0,0.3,1.0,1.0,0.3,1.0,1.0,1.0,1.0,1.0,1.0,0.3,1.0,0.3,1.0
monza_Keeper1,1.0,1.0,1.0,1.0,1.0,1.0,1.0,1.0,1.0,1.0,1.0,0.3,1.0,1.0,1.0,1.0,1.0,1.0,1.0,1.0,1.0,1.0,1.0,1.0,1.0,1.0,1.0,1.0,0.3,1.0,1.0,1.0,1.0,1.0,1.0,1.0,1.0,1.0,1.0,0.3,1.0,1.0,1.0,1.0,1.0,1.0,1.0,0.3,1.0,0.3,0.3,1.0,1.0,1.0,1.0,1.0,1.0,1.0,1.0,1.0,1.0,1.0,1.0,1.0,1.0,1.0,1.0,1.0,1.0,0.3,0.3,1.0,1.0,1.0,1.0,0.3,1.0,1.0,1.0,1.0,0.0,1.0,1.0,1.0,1.0,1.0,1.0,1.0,0.3,1.0,1.0,1.0,0.3,1.0,1.0,1.0,1.0,1.0,0.3,1.0,1.0,1.0,1.0,1.0,0.3,1.0,1.0,1.0,1.0,0.3,1.0,1.0,1.0,0.3,1.0,1.0,1.0,1.0,1.0,1.0,1.0,1.0,1.0,1.0,1.0,1.0,0.3,1.0,1.0,1.0,1.0,1.0
monza_Keeper2,1.0,1.0,1.0,0.3,1.0,1.0,0.3,1.0,1.0,1.0,1.0,1.0,1.0,1.0,1.0,1.0,1.0,1.0,1.0,0.3,1.0,1.0,0.3,1.0,1.0,1.0,1.0,0.3,1.0,1.0,1.0,0.3,1.0,1.0,1.0,1.0,1.0,1.0,1.0,1.0,1.0,1.0,1.0,1.0,1.0,1.0,1.0,1.0,1.0,1.0,1.0,1.0,1.0,1.0,1.0,1.0,0.3,1.0,1.0,1.0,0.3,1.0,1.0,1.0,1.0,0.3,1.0,0.3,1.0,1.0,1.0,1.0,1.0,0.3,1.0,1.0,1.0,1.0,1.0,0.3,1.0,0.0,1.0,1.0,1.0,1.0,1.0,0.3,1.0,1.0,0.3,0.3,1.0,1.0,1.0,1.0,1.0,0.3,1.0,1.0,1.0,1.0,1.0,0.3,1.0,1.0,1.0,1.0,1.0,1.0,1.0,1.0,1.0,1.0,1.0,1.0,1.0,1.0,0.3,1.0,1.0,0.3,1.0,1.0,1.0,1.0,1.0,1.0,0.3,1.0,0.3,1.0
monza_Keeper3,1.0,0.3,1.0,1.0,1.0,1.0,1.0,0.3,1.0,0.3,1.0,1.0,1.0,1.0,1.0,0.3,0.3,1.0,1.0,1.0,1.0,0.3,1.0,1.0,1.0,1.0,0.3,1.0,1.0,1.0,0.3,1.0,1.0,1.0,0.3,1.0,1.0,1.0,1.0,1.0,0.3,1.0,1.0,1.0,1.0,1.0,0.3,1.0,1.0,1.0,1.0,1.0,0.3,1.0,1.0,1.0,1.0,1.0,0.3,0.3,1.0,1.0,1.0,1.0,1.0,1.0,0.3,1.0,1.0,1.0,1.0,0.3,1.0,1.0,1.0,1.0,1.0,1.0,0.3,1.0,1.0,1.0,0.0,1.0,1.0,1.0,0.3,1.0,1.0,1.0,1.0,1.0,1.0,1.0,1.0,1.0,0.3,1.0,1.0,1.0,1.0,1.0,0.3,1.0,1.0,1.0,1.0,1.0,0.3,1.0,1.0,1.0,0.3,1.0,1.0,0.3,1.0,1.0,1.0,0.3,1.0,1.0,1.0,1.0,1.0,1.0,1.0,0.3,1.0,1.0,1.0,1.0
monza_Keeper4,0.3,1.0,1.0,1.0,1.0,1.0,1.0,1.0,1.0,1.0,0.3,1.0,1.0,1.0,1.0,1.0,1.0,1.0,1.0,1.0,1.0,1.0,1.0,1.0,1.0,1.0,1.0,1.0,1.0,1.0,1.0,1.0,1.0,1.0,1.0,1.0,1.0,1.0,1.0,1.0,1.0,1.0,1.0,1.0,1.0,1.0,1.0,1.0,1.0,1.0,1.0,1.0,1.0,1.0,1.0,1.0,1.0,1.0,1.0,1.0,1.0,1.0,1.0,1.0,1.0,1.0,1.0,1.0,1.0,1.0,1.0,1.0,0.3,1.0,1.0,1.0,1.0,0.3,1.0,1.0,1.0,1.0,1.0,0.0,1.0,1.0,1.0,1.0,1.0,1.0,1.0,1.0,1.0,1.0,1.0,0.3,1.0,1.0,1.0,1.0,1.0,0.3,1.0,1.0,1.0,1.0,1.0,1.0,1.0,1.0,1.0,1.0,1.0,1.0,0.3,1.0,1.0,1.0,1.0,1.0,1.0,1.0,1.0,1.0,1.0,1.0,1.0,1.0,1.0,1.0,1.0,1.0
monza_Keeper5,1.0,1.0,1.0,1.0,1.0,1.0,1.0,1.0,0.3,1.0,1.0,1.0,1.0,1.0,1.0,1.0,1.0,1.0,1.0,1.0,1.0,1.0,1.0,0.3,1.0,0.3,1.0,1.0,1.0,1.0,1.0,1.0,1.0,1.0,1.0,0.3,1.0,1.0,0.3,1.0,1.0,1.0,1.0,1.0,1.0,1.0,1.0,1.0,0.3,1.0,1.0,0.3,1.0,1.0,1.0,1.0,1.0,0.3,1.0,1.0,1.0,0.3,1.0,1.0,0.3,1.0,1.0,1.0,1.0,1.0,1.0,1.0,1.0,1.0,0.3,1.0,1.0,1.0,1.0,1.0,1.0,1.0,1.0,1.0,0.0,0.3,1.0,1.0,1.0,1.0,1.0,1.0,1.0,1.0,0.3,1.0,1.0,1.0,1.0,1.0,0.3,1.0,1.0,1.0,1.0,0.3,1.0,1.0,1.0,1.0,0.3,1.0,1.0,1.0,1.0,1.0,1.0,1.0,1.0,1.0,1.0,1.0,1.0,1.0,1.0,0.3,1.0,1.0,1.0,1.0,1.0,1.0
napoli_1,1.0,1.0,1.0,1.0,1.0,1.0,1.0,1.0,0.3,1.0,1.0,1.0,1.0,1.0,1.0,1.0,1.0,1.0,1.0,1.0,1.0,1.0,1.0,0.3,1.0,0.3,1.0,1.0,1.0,1.0,1.0,1.0,1.0,1.0,1.0,0.3,1.0,1.0,0.3,1.0,1.0,1.0,1.0,1.0,1.0,1.0,1.0,1.0,0.3,1.0,1.0,0.3,1.0,1.0,1.0,1.0,1.0,0.3,1.0,1.0,1.0,0.3,1.0,1.0,0.3,1.0,1.0,1.0,1.0,1.0,1.0,1.0,1.0,1.0,0.3,1.0,1.0,1.0,1.0,1.0,1.0,1.0,1.0,1.0,0.3,0.0,1.0,1.0,1.0,1.0,1.0,1.0,1.0,1.0,0.3,1.0,1.0,1.0,1.0,1.0,0.3,1.0,1.0,1.0,1.0,0.3,1.0,1.0,1.0,1.0,0.3,1.0,1.0,1.0,1.0,1.0,1.0,1.0,1.0,1.0,1.0,1.0,1.0,1.0,1.0,0.3,1.0,1.0,1.0,1.0,1.0,1.0
napoli_2,1.0,0.3,1.0,1.0,1.0,1.0,1.0,0.3,1.0,0.3,1.0,1.0,1.0,1.0,1.0,0.3,0.3,1.0,1.0,1.0,1.0,0.3,1.0,1.0,1.0,1.0,0.3,1.0,1.0,1.0,0.3,1.0,1.0,1.0,0.3,1.0,1.0,1.0,1.0,1.0,0.3,1.0,1.0,1.0,1.0,1.0,0.3,1.0,1.0,1.0,1.0,1.0,0.3,1.0,1.0,1.0,1.0,1.0,0.3,0.3,1.0,1.0,1.0,1.0,1.0,1.0,0.3,1.0,1.0,1.0,1.0,0.3,1.0,1.0,1.0,1.0,1.0,1.0,0.3,1.0,1.0,1.0,0.3,1.0,1.0,1.0,0.0,1.0,1.0,1.0,1.0,1.0,1.0,1.0,1.0,1.0,0.3,1.0,1.0,1.0,1.0,1.0,0.3,1.0,1.0,1.0,1.0,1.0,0.3,1.0,1.0,1.0,0.3,1.0,1.0,0.3,1.0,1.0,1.0,0.3,1.0,1.0,1.0,1.0,1.0,1.0,1.0,0.3,1.0,1.0,1.0,1.0
napoli_3,1.0,1.0,1.0,0.3,1.0,1.0,0.3,1.0,1.0,1.0,1.0,1.0,1.0,1.0,1.0,1.0,1.0,1.0,1.0,0.3,1.0,1.0,0.3,1.0,1.0,1.0,1.0,0.3,1.0,1.0,1.0,0.3,1.0,1.0,1.0,1.0,1.0,1.0,1.0,1.0,1.0,1.0,1.0,1.0,1.0,1.0,1.0,1.0,1.0,1.0,1.0,1.0,1.0,1.0,1.0,1.0,0.3,1.0,1.0,1.0,0.3,1.0,1.0,1.0,1.0,0.3,1.0,0.3,1.0,1.0,1.0,1.0,1.0,0.3,1.0,1.0,1.0,1.0,1.0,0.3,1.0,0.3,1.0,1.0,1.0,1.0,1.0,0.0,1.0,1.0,0.3,0.3,1.0,1.0,1.0,1.0,1.0,0.3,1.0,1.0,1.0,1.0,1.0,0.3,1.0,1.0,1.0,1.0,1.0,1.0,1.0,1.0,1.0,1.0,1.0,1.0,1.0,1.0,0.3,1.0,1.0,0.3,1.0,1.0,1.0,1.0,1.0,1.0,0.3,1.0,0.3,1.0
napoli_Keeper2,1.0,1.0,1.0,1.0,1.0,1.0,1.0,1.0,1.0,1.0,1.0,0.3,1.0,1.0,1.0,1.0,1.0,1.0,1.0,1.0,1.0,1.0,1.0,1.0,1.0,1.0,1.0,1.0,0.3,1.0,1.0,1.0,1.0,1.0,1.0,1.0,1.0,1.0,1.0,0.3,1.0,1.0,1.0,1.0,1.0,1.0,1.0,0.3,1.0,0.3,0.3,1.0,1.0,1.0,1.0,1.0,1.0,1.0,1.0,1.0,1.0,1.0,1.0,1.0,1.0,1.0,1.0,1.0,1.0,0.3,0.3,1.0,1.0,1.0,1.0,0.3,1.0,1.0,1.0,1.0,0.3,1.0,1.0,1.0,1.0,1.0,1.0,1.0,0.0,1.0,1.0,1.0,0.3,1.0,1.0,1.0,1.0,1.0,0.3,1.0,1.0,1.0,1.0,1.0,0.3,1.0,1.0,1.0,1.0,0.3,1.0,1.0,1.0,0.3,1.0,1.0,1.0,1.0,1.0,1.0,1.0,1.0,1.0,1.0,1.0,1.0,0.3,1.0,1.0,1.0,1.0,1.0
napoli_Keeper3,1.0,1.0,1.0,1.0,1.0,0.3,1.0,1.0,1.0,1.0,1.0,1.0,0.3,1.0,1.0,1.0,1.0,0.3,1.0,1.0,1.0,1.0,1.0,1.0,1.0,1.0,1.0,1.0,1.0,0.3,1.0,1.0,1.0,1.0,1.0,1.0,0.3,1.0,1.0,1.0,1.0,1.0,1.0,1.0,0.3,1.0,1.0,1.0,1.0,1.0,1.0,1.0,1.0,0.3,0.3,1.0,1.0,1.0,1.0,1.0,1.0,1.0,0.3,1.0,1.0,1.0,1.0,1.0,0.3,1.0,1.0,1.0,1.0,1.0,1.0,1.0,1.0,1.0,1.0,1.0,1.0,1.0,1.0,1.0,1.0,1.0,1.0,1.0,1.0,0.0,1.0,1.0,1.0,0.3,1.0,1.0,1.0,1.0,1.0,1.0,1.0,1.0,1.0,1.0,1.0,1.0,1.0,1.0,1.0,1.0,1.0,0.3,1.0,1.0,1.0,1.0,0.3,1.0,1.0,1.0,1.0,1.0,1.0,1.0,1.0,1.0,1.0,1.0,1.0,1.0,1.0,1.0
napoli_Keeper4,1.0,1.0,1.0,0.3,1.0,1.0,0.3,1.0,1.0,1.0,1.0,1.0,1.0,1.0,1.0,1.0,1.0,1.0,1.0,0.3,1.0,1.0,0.3,1.0,1.0,1.0,1.0,0.3,1.0,1.0,1.0,0.3,1.0,1.0,1.0,1.0,1.0,1.0,1.0,1.0,1.0,1.0,1.0,1.0,1.0,1.0,1.0,1.0,1.0,1.0,1.0,1.0,1.0,1.0,1.0,1.0,0.3,1.0,1.0,1.0,0.3,1.0,1.0,1.0,1.0,0.3,1.0,0.3,1.0,1.0,1.0,1.0,1.0,0.3,1.0,1.0,1.0,1.0,1.0,0.3,1.0,0.3,1.0,1.0,1.0,1.0,1.0,0.3,1.0,1.0,0.0,0.3,1.0,1.0,1.0,1.0,1.0,0.3,1.0,1.0,1.0,1.0,1.0,0.3,1.0,1.0,1.0,1.0,1.0,1.0,1.0,1.0,1.0,1.0,1.0,1.0,1.0,1.0,0.3,1.0,1.0,0.3,1.0,1.0,1.0,1.0,1.0,1.0,0.3,1.0,0.3,1.0
referee_1,1.0,1.0,1.0,0.3,1.0,1.0,0.3,1.0,1.0,1.0,1.0,1.0,1.0,1.0,1.0,1.0,1.0,1.0,1.0,0.3,1.0,1.0,0.3,1.0,1.0,1.0,1.0,0.3,1.0,1.0,1.0,0.3,1.0,1.0,1.0,1.0,1.0,1.0,1.0,1.0,1.0,1.0,1.0,1.0,1.0,1.0,1.0,1.0,1.0,1.0,1.0,1.0,1.0,1.0,1.0,1.0,0.3,1.0,1.0,1.0,0.3,1.0,1.0,1.0,1.0,0.3,1.0,0.3,1.0,1.0,1.0,1.0,1.0,0.3,1.0,1.0,1.0,1.0,1.0,0.3,1.0,0.3,1.0,1.0,1.0,1.0,1.0,0.3,1.0,1.0,0.3,0.0,1.0,1.0,1.0,1.0,1.0,0.3,1.0,1.0,1.0,1.0,1.0,0.3,1.0,1.0,1.0,1.0,1.0,1.0,1.0,1.0,1.0,1.0,1.0,1.0,1.0,1.0,0.3,1.0,1.0,0.3,1.0,1.0,1.0,1.0,1.0,1.0,0.3,1.0,0.3,1.0
referee_2,1.0,1.0,1.0,1.0,1.0,1.0,1.0,1.0,1.0,1.0,1.0,0.3,1.0,1.0,1.0,1.0,1.0,1.0,1.0,1.0,1.0,1.0,1.0,1.0,1.0,1.0,1.0,1.0,0.3,1.0,1.0,1.0,1.0,1.0,1.0,1.0,1.0,1.0,1.0,0.3,1.0,1.0,1.0,1.0,1.0,1.0,1.0,0.3,1.0,0.3,0.3,1.0,1.0,1.0,1.0,1.0,1.0,1.0,1.0,1.0,1.0,1.0,1.0,1.0,1.0,1.0,1.0,1.0,1.0,0.3,0.3,1.0,1.0,1.0,1.0,0.3,1.0,1.0,1.0,1.0,0.3,1.0,1.0,1.0,1.0,1.0,1.0,1.0,0.3,1.0,1.0,1.0,0.0,1.0,1.0,1.0,1.0,1.0,0.3,1.0,1.0,1.0,1.0,1.0,0.3,1.0,1.0,1.0,1.0,0.3,1.0,1.0,1.0,0.3,1.0,1.0,1.0,1.0,1.0,1.0,1.0,1.0,1.0,1.0,1.0,1.0,0.3,1.0,1.0,1.0,1.0,1.0
referee_3,1.0,1.0,1.0,1.0,1.0,0.3,1.0,1.0,1.0,1.0,1.0,1.0,0.3,1.0,1.0,1.0,1.0,0.3,1.0,1.0,1.0,1.0,1.0,1.0,1.0,1.0,1.0,1.0,1.0,0.3,1.0,1.0,1.0,1.0,1.0,1.0,0.3,1.0,1.0,1.0,1.0,1.0,1.0,1.0,0.3,1.0,1.0,1.0,1.0,1.0,1.0,1.0,1.0,0.3,0.3,1.0,1.0,1.0,1.0,1.0,1.0,1.0,0.3,1.0,1.0,1.0,1.0,1.0,0.3,1.0,1.0,1.0,1.0,1.0,1.0,1.0,1.0,1.0,1.0,1.0,1.0,1.0,1.0,1.0,1.0,1.0,1.0,1.0,1.0,0.3,1.0,1.0,1.0,0.0,1.0,1.0,1.0,1.0,1.0,1.0,1.0,1.0,1.0,1.0,1.0,1.0,1.0,1.0,1.0,1.0,1.0,0.3,1.0,1.0,1.0,1.0,0.3,1.0,1.0,1.0,1.0,1.0,1.0,1.0,1.0,1.0,1.0,1.0,1.0,1.0,1.0,1.0
referee_4,1.0,1.0,1.0,1.0,1.0,1.0,1.0,1.0,0.3,1.0,1.0,1.0,1.0,1.0,1.0,1.0,1.0,1.0,1.0,1.0,1.0,1.0,1.0,0.3,1.0,0.3,1.0,1.0,1.0,1.0,1.0,1.0,1.0,1.0,1.0,0.3,1.0,1.0,0.3,1.0,1.0,1.0,1.0,1.0,1.0,1.0,1.0,1.0,0.3,1.0,1.0,0.3,1.0,1.0,1.0,1.0,1.0,0.3,1.0,1.0,1.0,0.3,1.0,1.0,0.3,1.0,1.0,1.0,1.0,1.0,1.0,1.0,1.0,1.0,0.3,1.0,1.0,1.0,1.0,1.0,1.0,1.0,1.0,1.0,0.3,0.3,1.0,1.0,1.0,1.0,1.0,1.0,1.0,1.0,0.0,1.0,1.0,1.0,1.0,1.0,0.3,1.0,1.0,1.0,1.0,0.3,1.0,1.0,1.0,1.0,0.3,1.0,1.0,1.0,1.0,1.0,1.0,1.0,1.0,1.0,1.0,1.0,1.0,1.0,1.0,0.3,1.0,1.0,1.0,1.0,1.0,1.0
roma_1,0.3,1.0,1.0,1.0,1.0,1.0,1.0,1.0,1.0,1.0,0.3,1.0,1.0,1.0,1.0,1.0,1.0,1.0,1.0,1.0,1.0,1.0,1.0,1.0,1.0,1.0,1.0,1.0,1.0,1.0,1.0,1.0,1.0,1.0,1.0,1.0,1.0,1.0,1.0,1.0,1.0,1.0,1.0,1.0,1.0,1.0,1.0,1.0,1.0,1.0,1.0,1.0,1.0,1.0,1.0,1.0,1.0,1.0,1.0,1.0,1.0,1.0,1.0,1.0,1.0,1.0,1.0,1.0,1.0,1.0,1.0,1.0,0.3,1.0,1.0,1.0,1.0,0.3,1.0,1.0,1.0,1.0,1.0,0.3,1.0,1.0,1.0,1.0,1.0,1.0,1.0,1.0,1.0,1.0,1.0,0.0,1.0,1.0,1.0,1.0,1.0,0.3,1.0,1.0,1.0,1.0,1.0,1.0,1.0,1.0,1.0,1.0,1.0,1.0,0.3,1.0,1.0,1.0,1.0,1.0,1.0,1.0,1.0,1.0,1.0,1.0,1.0,1.0,1.0,1.0,1.0,1.0
roma_2,1.0,0.3,1.0,1.0,1.0,1.0,1.0,0.3,1.0,0.3,1.0,1.0,1.0,1.0,1.0,0.3,0.3,1.0,1.0,1.0,1.0,0.3,1.0,1.0,1.0,1.0,0.3,1.0,1.0,1.0,0.3,1.0,1.0,1.0,0.3,1.0,1.0,1.0,1.0,1.0,0.3,1.0,1.0,1.0,1.0,1.0,0.3,1.0,1.0,1.0,1.0,1.0,0.3,1.0,1.0,1.0,1.0,1.0,0.3,0.3,1.0,1.0,1.0,1.0,1.0,1.0,0.3,1.0,1.0,1.0,1.0,0.3,1.0,1.0,1.0,1.0,1.0,1.0,0.3,1.0,1.0,1.0,0.3,1.0,1.0,1.0,0.3,1.0,1.0,1.0,1.0,1.0,1.0,1.0,1.0,1.0,0.0,1.0,1.0,1.0,1.0,1.0,0.3,1.0,1.0,1.0,1.0,1.0,0.3,1.0,1.0,1.0,0.3,1.0,1.0,0.3,1.0,1.0,1.0,0.3,1.0,1.0,1.0,1.0,1.0,1.0,1.0,0.3,1.0,1.0,1.0,1.0
roma_3,1.0,1.0,1.0,0.3,1.0,1.0,0.3,1.0,1.0,1.0,1.0,1.0,1.0,1.0,1.0,1.0,1.0,1.0,1.0,0.3,1.0,1.0,0.3,1.0,1.0,1.0,1.0,0.3,1.0,1.0,1.0,0.3,1.0,1.0,1.0,1.0,1.0,1.0,1.0,1.0,1.0,1.0,1.0,1.0,1.0,1.0,1.0,1.0,1.0,1.0,1.0,1.0,1.0,1.0,1.0,1.0,0.3,1.0,1.0,1.0,0.3,1.0,1.0,1.0,1.0,0.3,1.0,0.3,1.0,1.0,1.0,1.0,1.0,0.3,1.0,1.0,1.0,1.0,1.0,0.3,1.0,0.3,1.0,1.0,1.0,1.0,1.0,0.3,1.0,1.0,0.3,0.3,1.0,1.0,1.0,1.0,1.0,0.0,1.0,1.0,1.0,1.0,1.0,0.3,1.0,1.0,1.0,1.0,1.0,1.0,1.0,1.0,1.0,1.0,1.0,1.0,1.0,1.0,0.3,1.0,1.0,0.3,1.0,1.0,1.0,1.0,1.0,1.0,0.3,1.0,0.3,1.0
roma_Keeper1,1.0,1.0,1.0,1.0,1.0,1.0,1.0,1.0,1.0,1.0,1.0,0.3,1.0,1.0,1.0,1.0,1.0,1.0,1.0,1.0,1.0,1.0,1.0,1.0,1.0,1.0,1.0,1.0,0.3,1.0,1.0,1.0,1.0,1.0,1.0,1.0,1.0,1.0,1.0,0.3,1.0,1.0,1.0,1.0,1.0,1.0,1.0,0.3,1.0,0.3,0.3,1.0,1.0,1.0,1.0,1.0,1.0,1.0,1.0,1.0,1.0,1.0,1.0,1.0,1.0,1.0,1.0,1.0,1.0,0.3,0.3,1.0,1.0,1.0,1.0,0.3,1.0,1.0,1.0,1.0,0.3,1.0,1.0,1.0,1.0,1.0,1.0,1.0,0.3,1.0,1.0,1.0,0.3,1.0,1.0,1.0,1.0,1.0,0.0,1.0,1.0,1.0,1.0,1.0,0.3,1.0,1.0,1.0,1.0,0.3,1.0,1.0,1.0,0.3,1.0,1.0,1.0,1.0,1.0,1.0,1.0,1.0,1.0,1.0,1.0,1.0,0.3,1.0,1.0,1.0,1.0,1.0
roma_Keeper2,1.0,1.0,1.0,1.0,0.3,1.0,1.0,1.0,1.0,1.0,1.0,1.0,1.0,0.3,1.0,1.0,1.0,1.0,0.3,1.0,1.0,1.0,1.0,1.0,0.3,1.0,1.0,1.0,1.0,1.0,1.0,1.0,1.0,1.0,1.0,1.0,1.0,0.3,1.0,1.0,1.0,1.0,0.3,1.0,1.0,1.0,1.0,1.0,1.0,1.0,1.0,1.0,1.0,1.0,1.0,0.3,1.0,1.0,1.0,1.0,1.0,1.0,1.0,0.3,1.0,1.0,1.0,1.0,1.0,1.0,1.0,1.0,1.0,1.0,1.0,1.0,1.0,1.0,1.0,1.0,1.0,1.0,1.0,1.0,1.0,1.0,1.0,1.0,1.0,1.0,1.0,1.0,1.0,1.0,1.0,1.0,1.0,1.0,1.0,0.0,1.0,1.0,1.0,1.0,1.0,1.0,1.0,0.3,1.0,1.0,1.0,1.0,1.0,1.0,1.0,1.0,1.0,0.3,1.0,1.0,1.0,1.0,0.3,1.0,1.0,1.0,1.0,1.0,1.0,0.3,1.0,1.0
roma_Keeper3,1.0,1.0,1.0,1.0,1.0,1.0,1.0,1.0,0.3,1.0,1.0,1.0,1.0,1.0,1.0,1.0,1.0,1.0,1.0,1.0,1.0,1.0,1.0,0.3,1.0,0.3,1.0,1.0,1.0,1.0,1.0,1.0,1.0,1.0,1.0,0.3,1.0,1.0,0.3,1.0,1.0,1.0,1.0,1.0,1.0,1.0,1.0,1.0,0.3,1.0,1.0,0.3,1.0,1.0,1.0,1.0,1.0,0.3,1.0,1.0,1.0,0.3,1.0,1.0,0.3,1.0,1.0,1.0,1.0,1.0,1.0,1.0,1.0,1.0,0.3,1.0,1.0,1.0,1.0,1.0,1.0,1.0,1.0,1.0,0.3,0.3,1.0,1.0,1.0,1.0,1.0,1.0,1.0,1.0,0.3,1.0,1.0,1.0,1.0,1.0,0.0,1.0,1.0,1.0,1.0,0.3,1.0,1.0,1.0,1.0,0.3,1.0,1.0,1.0,1.0,1.0,1.0,1.0,1.0,1.0,1.0,1.0,1.0,1.0,1.0,0.3,1.0,1.0,1.0,1.0,1.0,1.0
salernitana_1,0.3,1.0,1.0,1.0,1.0,1.0,1.0,1.0,1.0,1.0,0.3,1.0,1.0,1.0,1.0,1.0,1.0,1.0,1.0,1.0,1.0,1.0,1.0,1.0,1.0,1.0,1.0,1.0,1.0,1.0,1.0,1.0,1.0,1.0,1.0,1.0,1.0,1.0,1.0,1.0,1.0,1.0,1.0,1.0,1.0,1.0,1.0,1.0,1.0,1.0,1.0,1.0,1.0,1.0,1.0,1.0,1.0,1.0,1.0,1.0,1.0,1.0,1.0,1.0,1.0,1.0,1.0,1.0,1.0,1.0,1.0,1.0,0.3,1.0,1.0,1.0,1.0,0.3,1.0,1.0,1.0,1.0,1.0,0.3,1.0,1.0,1.0,1.0,1.0,1.0,1.0,1.0,1.0,1.0,1.0,0.3,1.0,1.0,1.0,1.0,1.0,0.0,1.0,1.0,1.0,1.0,1.0,1.0,1.0,1.0,1.0,1.0,1.0,1.0,0.3,1.0,1.0,1.0,1.0,1.0,1.0,1.0,1.0,1.0,1.0,1.0,1.0,1.0,1.0,1.0,1.0,1.0
salernitana_2,1.0,0.3,1.0,1.0,1.0,1.0,1.0,0.3,1.0,0.3,1.0,1.0,1.0,1.0,1.0,0.3,0.3,1.0,1.0,1.0,1.0,0.3,1.0,1.0,1.0,1.0,0.3,1.0,1.0,1.0,0.3,1.0,1.0,1.0,0.3,1.0,1.0,1.0,1.0,1.0,0.3,1.0,1.0,1.0,1.0,1.0,0.3,1.0,1.0,1.0,1.0,1.0,0.3,1.0,1.0,1.0,1.0,1.0,0.3,0.3,1.0,1.0,1.0,1.0,1.0,1.0,0.3,1.0,1.0,1.0,1.0,0.3,1.0,1.0,1.0,1.0,1.0,1.0,0.3,1.0,1.0,1.0,0.3,1.0,1.0,1.0,0.3,1.0,1.0,1.0,1.0,1.0,1.0,1.0,1.0,1.0,0.3,1.0,1.0,1.0,1.0,1.0,0.0,1.0,1.0,1.0,1.0,1.0,0.3,1.0,1.0,1.0,0.3,1.0,1.0,0.3,1.0,1.0,1.0,0.3,1.0,1.0,1.0,1.0,1.0,1.0,1.0,0.3,1.0,1.0,1.0,1.0
salernitana_3,1.0,1.0,1.0,0.3,1.0,1.0,0.3,1.0,1.0,1.0,1.0,1.0,1.0,1.0,1.0,1.0,1.0,1.0,1.0,0.3,1.0,1.0,0.3,1.0,1.0,1.0,1.0,0.3,1.0,1.0,1.0,0.3,1.0,1.0,1.0,1.0,1.0,1.0,1.0,1.0,1.0,1.0,1.0,1.0,1.0,1.0,1.0,1.0,1.0,1.0,1.0,1.0,1.0,1.0,1.0,1.0,0.3,1.0,1.0,1.0,0.3,1.0,1.0,1.0,1.0,0.3,1.0,0.3,1.0,1.0,1.0,1.0,1.0,0.3,1.0,1.0,1.0,1.0,1.0,0.3,1.0,0.3,1.0,1.0,1.0,1.0,1.0,0.3,1.0,1.0,0.3,0.3,1.0,1.0,1.0,1.0,1.0,0.3,1.0,1.0,1.0,1.0,1.0,0.0,1.0,1.0,1.0,1.0,1.0,1.0,1.0,1.0,1.0,1.0,1.0,1.0,1.0,1.0,0.3,1.0,1.0,0.3,1.0,1.0,1.0,1.0,1.0,1.0,0.3,1.0,0.3,1.0
salernitana_Keeper2,1.0,1.0,1.0,1.0,1.0,1.0,1.0,1.0,1.0,1.0,1.0,0.3,1.0,1.0,1.0,1.0,1.0,1.0,1.0,1.0,1.0,1.0,1.0,1.0,1.0,1.0,1.0,1.0,0.3,1.0,1.0,1.0,1.0,1.0,1.0,1.0,1.0,1.0,1.0,0.3,1.0,1.0,1.0,1.0,1.0,1.0,1.0,0.3,1.0,0.3,0.3,1.0,1.0,1.0,1.0,1.0,1.0,1.0,1.0,1.0,1.0,1.0,1.0,1.0,1.0,1.0,1.0,1.0,1.0,0.3,0.3,1.0,1.0,1.0,1.0,0.3,1.0,1.0,1.0,1.0,0.3,1.0,1.0,1.0,1.0,1.0,1.0,1.0,0.3,1.0,1.0,1.0,0.3,1.0,1.0,1.0,1.0,1.0,0.3,1.0,1.0,1.0,1.0,1.0,0.0,1.0,1.0,1.0,1.0,0.3,1.0,1.0,1.0,0.3,1.0,1.0,1.0,1.0,1.0,1.0,1.0,1.0,1.0,1.0,1.0,1.0,0.3,1.0,1.0,1.0,1.0,1.0
salernitana_Keeper3,1.0,1.0,1.0,1.0,1.0,1.0,1.0,1.0,0.3,1.0,1.0,1.0,1.0,1.0,1.0,1.0,1.0,1.0,1.0,1.0,1.0,1.0,1.0,0.3,1.0,0.3,1.0,1.0,1.0,1.0,1.0,1.0,1.0,1.0,1.0,0.3,1.0,1.0,0.3,1.0,1.0,1.0,1.0,1.0,1.0,1.0,1.0,1.0,0.3,1.0,1.0,0.3,1.0,1.0,1.0,1.0,1.0,0.3,1.0,1.0,1.0,0.3,1.0,1.0,0.3,1.0,1.0,1.0,1.0,1.0,1.0,1.0,1.0,1.0,0.3,1.0,1.0,1.0,1.0,1.0,1.0,1.0,1.0,1.0,0.3,0.3,1.0,1.0,1.0,1.0,1.0,1.0,1.0,1.0,0.3,1.0,1.0,1.0,1.0,1.0,0.3,1.0,1.0,1.0,1.0,0.0,1.0,1.0,1.0,1.0,0.3,1.0,1.0,1.0,1.0,1.0,1.0,1.0,1.0,1.0,1.0,1.0,1.0,1.0,1.0,0.3,1.0,1.0,1.0,1.0,1.0,1.0
salernitana_Keeper4,1.0,1.0,1.0,1.0,1.0,1.0,1.0,1.0,1.0,1.0,1.0,1.0,1.0,1.0,1.0,1.0,1.0,1.0,1.0,1.0,1.0,1.0,1.0,1.0,1.0,1.0,1.0,1.0,1.0,1.0,1.0,1.0,1.0,1.0,1.0,1.0,1.0,1.0,1.0,1.0,1.0,1.0,1.0,1.0,1.0,1.0,1.0,1.0,1.0,1.0,1.0,1.0,1.0,1.0,1.0,1.0,1.0,1.0,1.0,1.0,1.0,1.0,1.0,1.0,1.0,1.0,1.0,1.0,1.0,1.0,1.0,1.0,1.0,1.0,1.0,1.0,1.0,1.0,1.0,1.0,1.0,1.0,1.0,1.0,1.0,1.0,1.0,1.0,1.0,1.0,1.0,1.0,1.0,1.0,1.0,1.0,1.0,1.0,1.0,1.0,1.0,1.0,1.0,1.0,1.0,1.0,0.0,1.0,1.0,1.0,1.0,1.0,1.0,1.0,1.0,1.0,1.0,1.0,1.0,1.0,0.3,1.0,1.0,1.0,0.3,1.0,1.0,1.0,1.0,1.0,1.0,0.3
sassuolo_1,1.0,1.0,1.0,1.0,0.3,1.0,1.0,1.0,1.0,1.0,1.0,1.0,1.0,0.3,1.0,1.0,1.0,1.0,0.3,1.0,1.0,1.0,1.0,1.0,0.3,1.0,1.0,1.0,1.0,1.0,1.0,1.0,1.0,1.0,1.0,1.0,1.0,0.3,1.0,1.0,1.0,1.0,0.3,1.0,1.0,1.0,1.0,1.0,1.0,1.0,1.0,1.0,1.0,1.0,1.0,0.3,1.0,1.0,1.0,1.0,1.0,1.0,1.0,0.3,1.0,1.0,1.0,1.0,1.0,1.0,1.0,1.0,1.0,1.0,1.0,1.0,1.0,1.0,1.0,1.0,1.0,1.0,1.0,1.0,1.0,1.0,1.0,1.0,1.0,1.0,1.0,1.0,1.0,1.0,1.0,1.0,1.0,1.0,1.0,0.3,1.0,1.0,1.0,1.0,1.0,1.0,1.0,0.0,1.0,1.0,1.0,1.0,1.0,1.0,1.0,1.0,1.0,0.3,1.0,1.0,1.0,1.0,0.3,1.0,1.0,1.0,1.0,1.0,1.0,0.3,1.0,1.0
sassuolo_2,1.0,0.3,1.0,1.0,1.0,1.0,1.0,0.3,1.0,0.3,1.0,1.0,1.0,1.0,1.0,0.3,0.3,1.0,1.0,1.0,1.0,0.3,1.0,1.0,1.0,1.0,0.3,1.0,1.0,1.0,0.3,1.0,1.0,1.0,0.3,1.0,1.0,1.0,1.0,1.0,0.3,1.0,1.0,1.0,1.0,1.0,0.3,1.0,1.0,1.0,1.0,1.0,0.3,1.0,1.0,1.0,1.0,1.0,0.3,0.3,1.0,1.0,1.0,1.0,1.0,1.0,0.3,1.0,1.0,1.0,1.0,0.3,1.0,1.0,1.0,1.0,1.0,1.0,0.3,1.0,1.0,1.0,0.3,1.0,1.0,1.0,0.3,1.0,1.0,1.0,1.0,1.0,1.0,1.0,1.0,1.0,0.3,1.0,1.0,1.0,1.0,1.0,0.3,1.0,1.0,1.0,1.0,1.0,0.0,1.0,1.0,1.0,0.3,1.0,1.0,0.3,1.0,1.0,1.0,0.3,1.0,1.0,1.0,1.0,1.0,1.0,1.0,0.3,1.0,1.0,1.0,1.0
sassuolo_3,1.0,1.0,1.0,1.0,1.0,1.0,1.0,1.0,1.0,1.0,1.0,0.3,1.0,1.0,1.0,1.0,1.0,1.0,1.0,1.0,1.0,1.0,1.0,1.0,1.0,1.0,1.0,1.0,0.3,1.0,1.0,1.0,1.0,1.0,1.0,1.0,1.0,1.0,1.0,0.3,1.0,1.0,1.0,1.0,1.0,1.0,1.0,0.3,1.0,0.3,0.3,1.0,1.0,1.0,1.0,1.0,1.0,1.0,1.0,1.0,1.0,1.0,1.0,1.0,1.0,1.0,1.0,1.0,1.0,0.3,0.3,1.0,1.0,1.0,1.0,0.3,1.0,1.0,1.0,1.0,0.3,1.0,1.0,1.0,1.0,1.0,1.0,1.0,0.3,1.0,1.0,1.0,0.3,1.0,1.0,1.0,1.0,1.0,0.3,1.0,1.0,1.0,1.0,1.0,0.3,1.0,1.0,1.0,1.0,0.0,1.0,1.0,1.0,0.3,1.0,1.0,1.0,1.0,1.0,1.0,1.0,1.0,1.0,1.0,1.0,1.0,0.3,1.0,1.0,1.0,1.0,1.0
sassuolo_Keeper1,1.0,1.0,1.0,1.0,1.0,1.0,1.0,1.0,0.3,1.0,1.0,1.0,1.0,1.0,1.0,1.0,1.0,1.0,1.0,1.0,1.0,1.0,1.0,0.3,1.0,0.3,1.0,1.0,1.0,1.0,1.0,1.0,1.0,1.0,1.0,0.3,1.0,1.0,0.3,1.0,1.0,1.0,1.0,1.0,1.0,1.0,1.0,1.0,0.3,1.0,1.0,0.3,1.0,1.0,1.0,1.0,1.0,0.3,1.0,1.0,1.0,0.3,1.0,1.0,0.3,1.0,1.0,1.0,1.0,1.0,1.0,1.0,1.0,1.0,0.3,1.0,1.0,1.0,1.0,1.0,1.0,1.0,1.0,1.0,0.3,0.3,1.0,1.0,1.0,1.0,1.0,1.0,1.0,1.0,0.3,1.0,1.0,1.0,1.0,1.0,0.3,1.0,1.0,1.0,1.0,0.3,1.0,1.0,1.0,1.0,0.0,1.0,1.0,1.0,1.0,1.0,1.0,1.0,1.0,1.0,1.0,1.0,1.0,1.0,1.0,0.3,1.0,1.0,1.0,1.0,1.0,1.0
sassuolo_Keeper2,1.0,1.0,1.0,1.0,1.0,0.3,1.0,1.0,1.0,1.0,1.0,1.0,0.3,1.0,1.0,1.0,1.0,0.3,1.0,1.0,1.0,1.0,1.0,1.0,1.0,1.0,1.0,1.0,1.0,0.3,1.0,1.0,1.0,1.0,1.0,1.0,0.3,1.0,1.0,1.0,1.0,1.0,1.0,1.0,0.3,1.0,1.0,1.0,1.0,1.0,1.0,1.0,1.0,0.3,0.3,1.0,1.0,1.0,1.0,1.0,1.0,1.0,0.3,1.0,1.0,1.0,1.0,1.0,0.3,1.0,1.0,1.0,1.0,1.0,1.0,1.0,1.0,1.0,1.0,1.0,1.0,1.0,1.0,1.0,1.0,1.0,1.0,1.0,1.0,0.3,1.0,1.0,1.0,0.3,1.0,1.0,1.0,1.0,1.0,1.0,1.0,1.0,1.0,1.0,1.0,1.0,1.0,1.0,1.0,1.0,1.0,0.0,1.0,1.0,1.0,1.0,0.3,1.0,1.0,1.0,1.0,1.0,1.0,1.0,1.0,1.0,1.0,1.0,1.0,1.0,1.0,1.0
sassuolo_Keeper3,1.0,0.3,1.0,1.0,1.0,1.0,1.0,0.3,1.0,0.3,1.0,1.0,1.0,1.0,1.0,0.3,0.3,1.0,1.0,1.0,1.0,0.3,1.0,1.0,1.0,1.0,0.3,1.0,1.0,1.0,0.3,1.0,1.0,1.0,0.3,1.0,1.0,1.0,1.0,1.0,0.3,1.0,1.0,1.0,1.0,1.0,0.3,1.0,1.0,1.0,1.0,1.0,0.3,1.0,1.0,1.0,1.0,1.0,0.3,0.3,1.0,1.0,1.0,1.0,1.0,1.0,0.3,1.0,1.0,1.0,1.0,0.3,1.0,1.0,1.0,1.0,1.0,1.0,0.3,1.0,1.0,1.0,0.3,1.0,1.0,1.0,0.3,1.0,1.0,1.0,1.0,1.0,1.0,1.0,1.0,1.0,0.3,1.0,1.0,1.0,1.0,1.0,0.3,1.0,1.0,1.0,1.0,1.0,0.3,1.0,1.0,1.0,0.0,1.0,1.0,0.3,1.0,1.0,1.0,0.3,1.0,1.0,1.0,1.0,1.0,1.0,1.0,0.3,1.0,1.0,1.0,1.0
sassuolo_Keeper4,1.0,1.0,1.0,1.0,1.0,1.0,1.0,1.0,1.0,1.0,1.0,0.3,1.0,1.0,1.0,1.0,1.0,1.0,1.0,1.0,1.0,1.0,1.0,1.0,1.0,1.0,1.0,1.0,0.3,1.0,1.0,1.0,1.0,1.0,1.0,1.0,1.0,1.0,1.0,0.3,1.0,1.0,1.0,1.0,1.0,1.0,1.0,0.3,1.0,0.3,0.3,1.0,1.0,1.0,1.0,1.0,1.0,1.0,1.0,1.0,1.0,1.0,1.0,1.0,1.0,1.0,1.0,1.0,1.0,0.3,0.3,1.0,1.0,1.0,1.0,0.3,1.0,1.0,1.0,1.0,0.3,1.0,1.0,1.0,1.0,1.0,1.0,1.0,0.3,1.0,1.0,1.0,0.3,1.0,1.0,1.0,1.0,1.0,0.3,1.0,1.0,1.0,1.0,1.0,0.3,1.0,1.0,1.0,1.0,0.3,1.0,1.0,1.0,0.0,1.0,1.0,1.0,1.0,1.0,1.0,1.0,1.0,1.0,1.0,1.0,1.0,0.3,1.0,1.0,1.0,1.0,1.0
torino_1,0.3,1.0,1.0,1.0,1.0,1.0,1.0,1.0,1.0,1.0,0.3,1.0,1.0,1.0,1.0,1.0,1.0,1.0,1.0,1.0,1.0,1.0,1.0,1.0,1.0,1.0,1.0,1.0,1.0,1.0,1.0,1.0,1.0,1.0,1.0,1.0,1.0,1.0,1.0,1.0,1.0,1.0,1.0,1.0,1.0,1.0,1.0,1.0,1.0,1.0,1.0,1.0,1.0,1.0,1.0,1.0,1.0,1.0,1.0,1.0,1.0,1.0,1.0,1.0,1.0,1.0,1.0,1.0,1.0,1.0,1.0,1.0,0.3,1.0,1.0,1.0,1.0,0.3,1.0,1.0,1.0,1.0,1.0,0.3,1.0,1.0,1.0,1.0,1.0,1.0,1.0,1.0,1.0,1.0,1.0,0.3,1.0,1.0,1.0,1.0,1.0,0.3,1.0,1.0,1.0,1.0,1.0,1.0,1.0,1.0,1.0,1.0,1.0,1.0,0.0,1.0,1.0,1.0,1.0,1.0,1.0,1.0,1.0,1.0,1.0,1.0,1.0,1.0,1.0,1.0,1.0,1.0
torino_2,1.0,0.3,1.0,1.0,1.0,1.0,1.0,0.3,1.0,0.3,1.0,1.0,1.0,1.0,1.0,0.3,0.3,1.0,1.0,1.0,1.0,0.3,1.0,1.0,1.0,1.0,0.3,1.0,1.0,1.0,0.3,1.0,1.0,1.0,0.3,1.0,1.0,1.0,1.0,1.0,0.3,1.0,1.0,1.0,1.0,1.0,0.3,1.0,1.0,1.0,1.0,1.0,0.3,1.0,1.0,1.0,1.0,1.0,0.3,0.3,1.0,1.0,1.0,1.0,1.0,1.0,0.3,1.0,1.0,1.0,1.0,0.3,1.0,1.0,1.0,1.0,1.0,1.0,0.3,1.0,1.0,1.0,0.3,1.0,1.0,1.0,0.3,1.0,1.0,1.0,1.0,1.0,1.0,1.0,1.0,1.0,0.3,1.0,1.0,1.0,1.0,1.0,0.3,1.0,1.0,1.0,1.0,1.0,0.3,1.0,1.0,1.0,0.3,1.0,1.0,0.0,1.0,1.0,1.0,0.3,1.0,1.0,1.0,1.0,1.0,1.0,1.0,0.3,1.0,1.0,1.0,1.0
torino_Keeper1,1.0,1.0,1.0,1.0,1.0,0.3,1.0,1.0,1.0,1.0,1.0,1.0,0.3,1.0,1.0,1.0,1.0,0.3,1.0,1.0,1.0,1.0,1.0,1.0,1.0,1.0,1.0,1.0,1.0,0.3,1.0,1.0,1.0,1.0,1.0,1.0,0.3,1.0,1.0,1.0,1.0,1.0,1.0,1.0,0.3,1.0,1.0,1.0,1.0,1.0,1.0,1.0,1.0,0.3,0.3,1.0,1.0,1.0,1.0,1.0,1.0,1.0,0.3,1.0,1.0,1.0,1.0,1.0,0.3,1.0,1.0,1.0,1.0,1.0,1.0,1.0,1.0,1.0,1.0,1.0,1.0,1.0,1.0,1.0,1.0,1.0,1.0,1.0,1.0,0.3,1.0,1.0,1.0,0.3,1.0,1.0,1.0,1.0,1.0,1.0,1.0,1.0,1.0,1.0,1.0,1.0,1.0,1.0,1.0,1.0,1.0,0.3,1.0,1.0,1.0,1.0,0.0,1.0,1.0,1.0,1.0,1.0,1.0,1.0,1.0,1.0,1.0,1.0,1.0,1.0,1.0,1.0
torino_Keeper2,1.0,1.0,1.0,1.0,0.3,1.0,1.0,1.0,1.0,1.0,1.0,1.0,1.0,0.3,1.0,1.0,1.0,1.0,0.3,1.0,1.0,1.0,1.0,1.0,0.3,1.0,1.0,1.0,1.0,1.0,1.0,1.0,1.0,1.0,1.0,1.0,1.0,0.3,1.0,1.0,1.0,1.0,0.3,1.0,1.0,1.0,1.0,1.0,1.0,1.0,1.0,1.0,1.0,1.0,1.0,0.3,1.0,1.0,1.0,1.0,1.0,1.0,1.0,0.3,1.0,1.0,1.0,1.0,1.0,1.0,1.0,1.0,1.0,1.0,1.0,1.0,1.0,1.0,1.0,1.0,1.0,1.0,1.0,1.0,1.0,1.0,1.0,1.0,1.0,1.0,1.0,1.0,1.0,1.0,1.0,1.0,1.0,1.0,1.0,0.3,1.0,1.0,1.0,1.0,1.0,1.0,1.0,0.3,1.0,1.0,1.0,1.0,1.0,1.0,1.0,1.0,1.0,0.0,1.0,1.0,1.0,1.0,0.3,1.0,1.0,1.0,1.0,1.0,1.0,0.3,1.0,1.0
torino_Keeper3,1.0,1.0,1.0,0.3,1.0,1.0,0.3,1.0,1.0,1.0,1.0,1.0,1.0,1.0,1.0,1.0,1.0,1.0,1.0,0.3,1.0,1.0,0.3,1.0,1.0,1.0,1.0,0.3,1.0,1.0,1.0,0.3,1.0,1.0,1.0,1.0,1.0,1.0,1.0,1.0,1.0,1.0,1.0,1.0,1.0,1.0,1.0,1.0,1.0,1.0,1.0,1.0,1.0,1.0,1.0,1.0,0.3,1.0,1.0,1.0,0.3,1.0,1.0,1.0,1.0,0.3,1.0,0.3,1.0,1.0,1.0,1.0,1.0,0.3,1.0,1.0,1.0,1.0,1.0,0.3,1.0,0.3,1.0,1.0,1.0,1.0,1.0,0.3,1.0,1.0,0.3,0.3,1.0,1.0,1.0,1.0,1.0,0.3,1.0,1.0,1.0,1.0,1.0,0.3,1.0,1.0,1.0,1.0,1.0,1.0,1.0,1.0,1.0,1.0,1.0,1.0,1.0,1.0,0.0,1.0,1.0,0.3,1.0,1.0,1.0,1.0,1.0,1.0,0.3,1.0,0.3,1.0
udinese_1,1.0,0.3,1.0,1.0,1.0,1.0,1.0,0.3,1.0,0.3,1.0,1.0,1.0,1.0,1.0,0.3,0.3,1.0,1.0,1.0,1.0,0.3,1.0,1.0,1.0,1.0,0.3,1.0,1.0,1.0,0.3,1.0,1.0,1.0,0.3,1.0,1.0,1.0,1.0,1.0,0.3,1.0,1.0,1.0,1.0,1.0,0.3,1.0,1.0,1.0,1.0,1.0,0.3,1.0,1.0,1.0,1.0,1.0,0.3,0.3,1.0,1.0,1.0,1.0,1.0,1.0,0.3,1.0,1.0,1.0,1.0,0.3,1.0,1.0,1.0,1.0,1.0,1.0,0.3,1.0,1.0,1.0,0.3,1.0,1.0,1.0,0.3,1.0,1.0,1.0,1.0,1.0,1.0,1.0,1.0,1.0,0.3,1.0,1.0,1.0,1.0,1.0,0.3,1.0,1.0,1.0,1.0,1.0,0.3,1.0,1.0,1.0,0.3,1.0,1.0,0.3,1.0,1.0,1.0,0.0,1.0,1.0,1.0,1.0,1.0,1.0,1.0,0.3,1.0,1.0,1.0,1.0
udinese_2,1.0,1.0,1.0,1.0,1.0,1.0,1.0,1.0,1.0,1.0,1.0,1.0,1.0,1.0,1.0,1.0,1.0,1.0,1.0,1.0,1.0,1.0,1.0,1.0,1.0,1.0,1.0,1.0,1.0,1.0,1.0,1.0,1.0,1.0,1.0,1.0,1.0,1.0,1.0,1.0,1.0,1.0,1.0,1.0,1.0,1.0,1.0,1.0,1.0,1.0,1.0,1.0,1.0,1.0,1.0,1.0,1.0,1.0,1.0,1.0,1.0,1.0,1.0,1.0,1.0,1.0,1.0,1.0,1.0,1.0,1.0,1.0,1.0,1.0,1.0,1.0,1.0,1.0,1.0,1.0,1.0,1.0,1.0,1.0,1.0,1.0,1.0,1.0,1.0,1.0,1.0,1.0,1.0,1.0,1.0,1.0,1.0,1.0,1.0,1.0,1.0,1.0,1.0,1.0,1.0,1.0,0.3,1.0,1.0,1.0,1.0,1.0,1.0,1.0,1.0,1.0,1.0,1.0,1.0,1.0,0.0,1.0,1.0,1.0,0.3,1.0,1.0,1.0,1.0,1.0,1.0,0.3
udinese_3,1.0,1.0,1.0,0.3,1.0,1.0,0.3,1.0,1.0,1.0,1.0,1.0,1.0,1.0,1.0,1.0,1.0,1.0,1.0,0.3,1.0,1.0,0.3,1.0,1.0,1.0,1.0,0.3,1.0,1.0,1.0,0.3,1.0,1.0,1.0,1.0,1.0,1.0,1.0,1.0,1.0,1.0,1.0,1.0,1.0,1.0,1.0,1.0,1.0,1.0,1.0,1.0,1.0,1.0,1.0,1.0,0.3,1.0,1.0,1.0,0.3,1.0,1.0,1.0,1.0,0.3,1.0,0.3,1.0,1.0,1.0,1.0,1.0,0.3,1.0,1.0,1.0,1.0,1.0,0.3,1.0,0.3,1.0,1.0,1.0,1.0,1.0,0.3,1.0,1.0,0.3,0.3,1.0,1.0,1.0,1.0,1.0,0.3,1.0,1.0,1.0,1.0,1.0,0.3,1.0,1.0,1.0,1.0,1.0,1.0,1.0,1.0,1.0,1.0,1.0,1.0,1.0,1.0,0.3,1.0,1.0,0.0,1.0,1.0,1.0,1.0,1.0,1.0,0.3,1.0,0.3,1.0
udinese_Keeper1,1.0,1.0,1.0,1.0,0.3,1.0,1.0,1.0,1.0,1.0,1.0,1.0,1.0,0.3,1.0,1.0,1.0,1.0,0.3,1.0,1.0,1.0,1.0,1.0,0.3,1.0,1.0,1.0,1.0,1.0,1.0,1.0,1.0,1.0,1.0,1.0,1.0,0.3,1.0,1.0,1.0,1.0,0.3,1.0,1.0,1.0,1.0,1.0,1.0,1.0,1.0,1.0,1.0,1.0,1.0,0.3,1.0,1.0,1.0,1.0,1.0,1.0,1.0,0.3,1.0,1.0,1.0,1.0,1.0,1.0,1.0,1.0,1.0,1.0,1.0,1.0,1.0,1.0,1.0,1.0,1.0,1.0,1.0,1.0,1.0,1.0,1.0,1.0,1.0,1.0,1.0,1.0,1.0,1.0,1.0,1.0,1.0,1.0,1.0,0.3,1.0,1.0,1.0,1.0,1.0,1.0,1.0,0.3,1.0,1.0,1.0,1.0,1.0,1.0,1.0,1.0,1.0,0.3,1.0,1.0,1.0,1.0,0.0,1.0,1.0,1.0,1.0,1.0,1.0,0.3,1.0,1.0
udinese_Keeper2,1.0,1.0,1.0,1.0,1.0,1.0,1.0,1.0,1.0,1.0,1.0,1.0,1.0,1.0,1.0,1.0,1.0,1.0,1.0,1.0,1.0,1.0,1.0,1.0,1.0,1.0,1.0,1.0,1.0,1.0,1.0,1.0,0.3,1.0,1.0,1.0,1.0,1.0,1.0,1.0,1.0,0.3,1.0,1.0,1.0,1.0,1.0,1.0,1.0,1.0,1.0,1.0,1.0,1.0,1.0,1.0,1.0,1.0,1.0,1.0,1.0,1.0,1.0,1.0,1.0,1.0,1.0,1.0,1.0,1.0,1.0,1.0,1.0,1.0,1.0,1.0,0.3,1.0,1.0,1.0,1.0,1.0,1.0,1.0,1.0,1.0,1.0,1.0,1.0,1.0,1.0,1.0,1.0,1.0,1.0,1.0,1.0,1.0,1.0,1.0,1.0,1.0,1.0,1.0,1.0,1.0,1.0,1.0,1.0,1.0,1.0,1.0,1.0,1.0,1.0,1.0,1.0,1.0,1.0,1.0,1.0,1.0,1.0,0.0,1.0,1.0,1.0,1.0,1.0,1.0,1.0,1.0
udinese_Keeper3,1.0,1.0,1.0,1.0,1.0,1.0,1.0,1.0,1.0,1.0,1.0,1.0,1.0,1.0,1.0,1.0,1.0,1.0,1.0,1.0,1.0,1.0,1.0,1.0,1.0,1.0,1.0,1.0,1.0,1.0,1.0,1.0,1.0,1.0,1.0,1.0,1.0,1.0,1.0,1.0,1.0,1.0,1.0,1.0,1.0,1.0,1.0,1.0,1.0,1.0,1.0,1.0,1.0,1.0,1.0,1.0,1.0,1.0,1.0,1.0,1.0,1.0,1.0,1.0,1.0,1.0,1.0,1.0,1.0,1.0,1.0,1.0,1.0,1.0,1.0,1.0,1.0,1.0,1.0,1.0,1.0,1.0,1.0,1.0,1.0,1.0,1.0,1.0,1.0,1.0,1.0,1.0,1.0,1.0,1.0,1.0,1.0,1.0,1.0,1.0,1.0,1.0,1.0,1.0,1.0,1.0,0.3,1.0,1.0,1.0,1.0,1.0,1.0,1.0,1.0,1.0,1.0,1.0,1.0,1.0,0.3,1.0,1.0,1.0,0.0,1.0,1.0,1.0,1.0,1.0,1.0,0.3
verona_1,1.0,1.0,1.0,1.0,1.0,1.0,1.0,1.0,0.3,1.0,1.0,1.0,1.0,1.0,1.0,1.0,1.0,1.0,1.0,1.0,1.0,1.0,1.0,0.3,1.0,0.3,1.0,1.0,1.0,1.0,1.0,1.0,1.0,1.0,1.0,0.3,1.0,1.0,0.3,1.0,1.0,1.0,1.0,1.0,1.0,1.0,1.0,1.0,0.3,1.0,1.0,0.3,1.0,1.0,1.0,1.0,1.0,0.3,1.0,1.0,1.0,0.3,1.0,1.0,0.3,1.0,1.0,1.0,1.0,1.0,1.0,1.0,1.0,1.0,0.3,1.0,1.0,1.0,1.0,1.0,1.0,1.0,1.0,1.0,0.3,0.3,1.0,1.0,1.0,1.0,1.0,1.0,1.0,1.0,0.3,1.0,1.0,1.0,1.0,1.0,0.3,1.0,1.0,1.0,1.0,0.3,1.0,1.0,1.0,1.0,0.3,1.0,1.0,1.0,1.0,1.0,1.0,1.0,1.0,1.0,1.0,1.0,1.0,1.0,1.0,0.0,1.0,1.0,1.0,1.0,1.0,1.0
verona_2,1.0,1.0,1.0,1.0,1.0,1.0,1.0,1.0,1.0,1.0,1.0,0.3,1.0,1.0,1.0,1.0,1.0,1.0,1.0,1.0,1.0,1.0,1.0,1.0,1.0,1.0,1.0,1.0,0.3,1.0,1.0,1.0,1.0,1.0,1.0,1.0,1.0,1.0,1.0,0.3,1.0,1.0,1.0,1.0,1.0,1.0,1.0,0.3,1.0,0.3,0.3,1.0,1.0,1.0,1.0,1.0,1.0,1.0,1.0,1.0,1.0,1.0,1.0,1.0,1.0,1.0,1.0,1.0,1.0,0.3,0.3,1.0,1.0,1.0,1.0,0.3,1.0,1.0,1.0,1.0,0.3,1.0,1.0,1.0,1.0,1.0,1.0,1.0,0.3,1.0,1.0,1.0,0.3,1.0,1.0,1.0,1.0,1.0,0.3,1.0,1.0,1.0,1.0,1.0,0.3,1.0,1.0,1.0,1.0,0.3,1.0,1.0,1.0,0.3,1.0,1.0,1.0,1.0,1.0,1.0,1.0,1.0,1.0,1.0,1.0,1.0,0.0,1.0,1.0,1.0,1.0,1.0
verona_3,1.0,0.3,1.0,1.0,1.0,1.0,1.0,0.3,1.0,0.3,1.0,1.0,1.0,1.0,1.0,0.3,0.3,1.0,1.0,1.0,1.0,0.3,1.0,1.0,1.0,1.0,0.3,1.0,1.0,1.0,0.3,1.0,1.0,1.0,0.3,1.0,1.0,1.0,1.0,1.0,0.3,1.0,1.0,1.0,1.0,1.0,0.3,1.0,1.0,1.0,1.0,1.0,0.3,1.0,1.0,1.0,1.0,1.0,0.3,0.3,1.0,1.0,1.0,1.0,1.0,1.0,0.3,1.0,1.0,1.0,1.0,0.3,1.0,1.0,1.0,1.0,1.0,1.0,0.3,1.0,1.0,1.0,0.3,1.0,1.0,1.0,0.3,1.0,1.0,1.0,1.0,1.0,1.0,1.0,1.0,1.0,0.3,1.0,1.0,1.0,1.0,1.0,0.3,1.0,1.0,1.0,1.0,1.0,0.3,1.0,1.0,1.0,0.3,1.0,1.0,0.3,1.0,1.0,1.0,0.3,1.0,1.0,1.0,1.0,1.0,1.0,1.0,0.0,1.0,1.0,1.0,1.0
verona_4,1.0,1.0,1.0,0.3,1.0,1.0,0.3,1.0,1.0,1.0,1.0,1.0,1.0,1.0,1.0,1.0,1.0,1.0,1.0,0.3,1.0,1.0,0.3,1.0,1.0,1.0,1.0,0.3,1.0,1.0,1.0,0.3,1.0,1.0,1.0,1.0,1.0,1.0,1.0,1.0,1.0,1.0,1.0,1.0,1.0,1.0,1.0,1.0,1.0,1.0,1.0,1.0,1.0,1.0,1.0,1.0,0.3,1.0,1.0,1.0,0.3,1.0,1.0,1.0,1.0,0.3,1.0,0.3,1.0,1.0,1.0,1.0,1.0,0.3,1.0,1.0,1.0,1.0,1.0,0.3,1.0,0.3,1.0,1.0,1.0,1.0,1.0,0.3,1.0,1.0,0.3,0.3,1.0,1.0,1.0,1.0,1.0,0.3,1.0,1.0,1.0,1.0,1.0,0.3,1.0,1.0,1.0,1.0,1.0,1.0,1.0,1.0,1.0,1.0,1.0,1.0,1.0,1.0,0.3,1.0,1.0,0.3,1.0,1.0,1.0,1.0,1.0,1.0,0.0,1.0,0.3,1.0
verona_Keeper1,1.0,1.0,1.0,1.0,0.3,1.0,1.0,1.0,1.0,1.0,1.0,1.0,1.0,0.3,1.0,1.0,1.0,1.0,0.3,1.0,1.0,1.0,1.0,1.0,0.3,1.0,1.0,1.0,1.0,1.0,1.0,1.0,1.0,1.0,1.0,1.0,1.0,0.3,1.0,1.0,1.0,1.0,0.3,1.0,1.0,1.0,1.0,1.0,1.0,1.0,1.0,1.0,1.0,1.0,1.0,0.3,1.0,1.0,1.0,1.0,1.0,1.0,1.0,0.3,1.0,1.0,1.0,1.0,1.0,1.0,1.0,1.0,1.0,1.0,1.0,1.0,1.0,1.0,1.0,1.0,1.0,1.0,1.0,1.0,1.0,1.0,1.0,1.0,1.0,1.0,1.0,1.0,1.0,1.0,1.0,1.0,1.0,1.0,1.0,0.3,1.0,1.0,1.0,1.0,1.0,1.0,1.0,0.3,1.0,1.0,1.0,1.0,1.0,1.0,1.0,1.0,1.0,0.3,1.0,1.0,1.0,1.0,0.3,1.0,1.0,1.0,1.0,1.0,1.0,0.0,1.0,1.0
verona_Keeper2,1.0,1.0,1.0,0.3,1.0,1.0,0.3,1.0,1.0,1.0,1.0,1.0,1.0,1.0,1.0,1.0,1.0,1.0,1.0,0.3,1.0,1.0,0.3,1.0,1.0,1.0,1.0,0.3,1.0,1.0,1.0,0.3,1.0,1.0,1.0,1.0,1.0,1.0,1.0,1.0,1.0,1.0,1.0,1.0,1.0,1.0,1.0,1.0,1.0,1.0,1.0,1.0,1.0,1.0,1.0,1.0,0.3,1.0,1.0,1.0,0.3,1.0,1.0,1.0,1.0,0.3,1.0,0.3,1.0,1.0,1.0,1.0,1.0,0.3,1.0,1.0,1.0,1.0,1.0,0.3,1.0,0.3,1.0,1.0,1.0,1.0,1.0,0.3,1.0,1.0,0.3,0.3,1.0,1.0,1.0,1.0,1.0,0.3,1.0,1.0,1.0,1.0,1.0,0.3,1.0,1.0,1.0,1.0,1.0,1.0,1.0,1.0,1.0,1.0,1.0,1.0,1.0,1.0,0.3,1.0,1.0,0.3,1.0,1.0,1.0,1.0,1.0,1.0,0.3,1.0,0.0,1.0
verona_Keeper3,1.0,1.0,1.0,1.0,1.0,1.0,1.0,1.0,1.0,1.0,1.0,1.0,1.0,1.0,1.0,1.0,1.0,1.0,1.0,1.0,1.0,1.0,1.0,1.0,1.0,1.0,1.0,1.0,1.0,1.0,1.0,1.0,1.0,1.0,1.0,1.0,1.0,1.0,1.0,1.0,1.0,1.0,1.0,1.0,1.0,1.0,1.0,1.0,1.0,1.0,1.0,1.0,1.0,1.0,1.0,1.0,1.0,1.0,1.0,1.0,1.0,1.0,1.0,1.0,1.0,1.0,1.0,1.0,1.0,1.0,1.0,1.0,1.0,1.0,1.0,1.0,1.0,1.0,1.0,1.0,1.0,1.0,1.0,1.0,1.0,1.0,1.0,1.0,1.0,1.0,1.0,1.0,1.0,1.0,1.0,1.0,1.0,1.0,1.0,1.0,1.0,1.0,1.0,1.0,1.0,1.0,0.3,1.0,1.0,1.0,1.0,1.0,1.0,1.0,1.0,1.0,1.0,1.0,1.0,1.0,0.3,1.0,1.0,1.0,0.3,1.0,1.0,1.0,1.0,1.0,1.0,0.0
